id_realizacao;tipo_dia;classe;nome;barra;potencia_kw;capacidade_kwh;perfil
1;parcialmente_nublado;PVSystem;PV_barra4;4;600,0;;PV_irr_real1
1;parcialmente_nublado;PVSystem;PV_barra1;1;450,0;;PV_irr_real1
1;parcialmente_nublado;PVSystem;PV_barra21;21;450,0;;PV_irr_real1
1;parcialmente_nublado;PVSystem;PV_barra31;31;50,0;;PV_irr_real1
1;parcialmente_nublado;PVSystem;PV_barra14;14;395,9;;PV_irr_real1
1;parcialmente_nublado;Storage;BESS_barra8;8;51,18;115.55;BESS_fixo
1;parcialmente_nublado;Storage;BESS_barra30;30;217,56;471.45;BESS_fixo
1;parcialmente_nublado;Storage;BESS_barra27;27;115,29;495.9;BESS_fixo
1;parcialmente_nublado;Storage;BESS_barra3;3;191,41;265.2;BESS_fixo
1;parcialmente_nublado;Storage;BESS_barra12;12;230,58;292.15;BESS_fixo
1;parcialmente_nublado;Storage;BESS_barra9;9;174,2;341.43;BESS_fixo
1;parcialmente_nublado;Storage;BESS_barra13;13;93,48;345.64;BESS_fixo
1;parcialmente_nublado;Storage;BESS_barra33;33;160,26;133.29;BESS_fixo
1;parcialmente_nublado;Storage;BESS_barra17;17;215,14;458.83;BESS_fixo
1;parcialmente_nublado;Storage;BESS_barra26;26;219,25;464.47;BESS_fixo
1;parcialmente_nublado;Storage;BESS_barra19;19;215,03;155.55;BESS_fixo
1;parcialmente_nublado;Storage;BESS_barra6;6;94,14;154.55;BESS_fixo
1;parcialmente_nublado;Storage;BESS_barra24;24;175,04;255.38;BESS_fixo
1;parcialmente_nublado;Storage;BESS_barra11;11;80,15;314.3;BESS_fixo
1;parcialmente_nublado;Storage;BESS_barra20;20;104,34;292.9;BESS_fixo
1;parcialmente_nublado;Storage;BESS_barra32;32;119,16;128.72;BESS_fixo
1;parcialmente_nublado;Storage;BESS_barra22;22;205,19;458.28;BESS_fixo
1;parcialmente_nublado;Storage;BESS_barra25;25;201,22;103.35;BESS_fixo
1;parcialmente_nublado;Storage;BESS_barra18;18;208,92;158.07;BESS_fixo
1;parcialmente_nublado;Storage;BESS_barra7;7;241,13;436.84;BESS_fixo
1;parcialmente_nublado;Storage;BESS_barra5;5;165,93;122.19;BESS_fixo
1;parcialmente_nublado;Storage;BESS_barra16;16;61,69;290.07;BESS_fixo
2;nublado;PVSystem;PV_barra19;19;500,0;;PV_irr_real2
2;nublado;PVSystem;PV_barra30;30;350,0;;PV_irr_real2
2;nublado;PVSystem;PV_barra9;9;250,0;;PV_irr_real2
2;nublado;PVSystem;PV_barra14;14;300,0;;PV_irr_real2
2;nublado;PVSystem;PV_barra3;3;545,9;;PV_irr_real2
2;nublado;Storage;BESS_barra6;6;226,52;461.06;BESS_fixo
2;nublado;Storage;BESS_barra2;2;180,36;124.02;BESS_fixo
2;nublado;Storage;BESS_barra28;28;225,29;131.72;BESS_fixo
2;nublado;Storage;BESS_barra26;26;211,74;351.34;BESS_fixo
2;nublado;Storage;BESS_barra21;21;148,53;174.22;BESS_fixo
2;nublado;Storage;BESS_barra17;17;212,14;298.86;BESS_fixo
2;nublado;Storage;BESS_barra1;1;212,36;294.26;BESS_fixo
2;nublado;Storage;BESS_barra5;5;83,3;322.09;BESS_fixo
2;nublado;Storage;BESS_barra10;10;178,43;489.27;BESS_fixo
2;nublado;Storage;BESS_barra34;34;152,07;106.35;BESS_fixo
2;nublado;Storage;BESS_barra24;24;175,74;163.07;BESS_fixo
2;nublado;Storage;BESS_barra27;27;115,02;257.57;BESS_fixo
2;nublado;Storage;BESS_barra15;15;93,48;434.96;BESS_fixo
2;nublado;Storage;BESS_barra25;25;147,54;373.05;BESS_fixo
2;nublado;Storage;BESS_barra7;7;167,02;451.74;BESS_fixo
2;nublado;Storage;BESS_barra23;23;238,32;296.64;BESS_fixo
2;nublado;Storage;BESS_barra20;20;106,78;396.48;BESS_fixo
2;nublado;Storage;BESS_barra4;4;183,91;334.6;BESS_fixo
2;nublado;Storage;BESS_barra33;33;67,72;242.78;BESS_fixo
2;nublado;Storage;BESS_barra31;31;120,79;445.88;BESS_fixo
2;nublado;Storage;BESS_barra29;29;226,12;387.52;BESS_fixo
2;nublado;Storage;BESS_barra22;22;212,27;384.1;BESS_fixo
3;nublado;PVSystem;PV_barra27;27;350,0;;PV_irr_real3
3;nublado;PVSystem;PV_barra28;28;50,0;;PV_irr_real3
3;nublado;PVSystem;PV_barra9;9;800,0;;PV_irr_real3
3;nublado;PVSystem;PV_barra17;17;150,0;;PV_irr_real3
3;nublado;PVSystem;PV_barra7;7;595,9;;PV_irr_real3
3;nublado;Storage;BESS_barra19;19;126,37;426.13;BESS_fixo
3;nublado;Storage;BESS_barra13;13;144,32;404.5;BESS_fixo
3;nublado;Storage;BESS_barra4;4;179,95;373.62;BESS_fixo
3;nublado;Storage;BESS_barra3;3;248,44;467.36;BESS_fixo
3;nublado;Storage;BESS_barra34;34;107,0;301.63;BESS_fixo
3;nublado;Storage;BESS_barra24;24;131,47;120.0;BESS_fixo
3;nublado;Storage;BESS_barra20;20;66,07;436.76;BESS_fixo
3;nublado;Storage;BESS_barra22;22;70,32;280.79;BESS_fixo
3;nublado;Storage;BESS_barra21;21;211,65;366.03;BESS_fixo
3;nublado;Storage;BESS_barra11;11;103,79;164.37;BESS_fixo
3;nublado;Storage;BESS_barra16;16;129,95;207.2;BESS_fixo
3;nublado;Storage;BESS_barra5;5;215,33;406.64;BESS_fixo
3;nublado;Storage;BESS_barra31;31;73,51;103.67;BESS_fixo
3;nublado;Storage;BESS_barra1;1;165,36;234.82;BESS_fixo
3;nublado;Storage;BESS_barra32;32;91,57;372.9;BESS_fixo
3;nublado;Storage;BESS_barra2;2;85,61;230.51;BESS_fixo
3;nublado;Storage;BESS_barra6;6;214,18;223.06;BESS_fixo
3;nublado;Storage;BESS_barra25;25;110,81;387.43;BESS_fixo
3;nublado;Storage;BESS_barra18;18;82,55;362.25;BESS_fixo
3;nublado;Storage;BESS_barra8;8;75,26;386.95;BESS_fixo
3;nublado;Storage;BESS_barra26;26;117,78;150.89;BESS_fixo
3;nublado;Storage;BESS_barra10;10;57,95;492.53;BESS_fixo
4;parcialmente_nublado;PVSystem;PV_barra23;23;250,0;;PV_irr_real4
4;parcialmente_nublado;PVSystem;PV_barra25;25;550,0;;PV_irr_real4
4;parcialmente_nublado;PVSystem;PV_barra26;26;100,0;;PV_irr_real4
4;parcialmente_nublado;PVSystem;PV_barra31;31;550,0;;PV_irr_real4
4;parcialmente_nublado;PVSystem;PV_barra28;28;200,0;;PV_irr_real4
4;parcialmente_nublado;PVSystem;PV_barra29;29;295,9;;PV_irr_real4
4;parcialmente_nublado;Storage;BESS_barra4;4;238,64;489.67;BESS_fixo
4;parcialmente_nublado;Storage;BESS_barra1;1;180,8;185.18;BESS_fixo
4;parcialmente_nublado;Storage;BESS_barra22;22;196,47;488.47;BESS_fixo
4;parcialmente_nublado;Storage;BESS_barra34;34;69,07;452.78;BESS_fixo
4;parcialmente_nublado;Storage;BESS_barra32;32;87,09;374.67;BESS_fixo
4;parcialmente_nublado;Storage;BESS_barra14;14;207,87;467.69;BESS_fixo
4;parcialmente_nublado;Storage;BESS_barra33;33;79,63;274.35;BESS_fixo
4;parcialmente_nublado;Storage;BESS_barra11;11;231,31;203.94;BESS_fixo
4;parcialmente_nublado;Storage;BESS_barra2;2;241,83;135.92;BESS_fixo
4;parcialmente_nublado;Storage;BESS_barra6;6;231,22;376.22;BESS_fixo
4;parcialmente_nublado;Storage;BESS_barra19;19;192,4;222.56;BESS_fixo
4;parcialmente_nublado;Storage;BESS_barra18;18;131,18;437.9;BESS_fixo
4;parcialmente_nublado;Storage;BESS_barra12;12;183,83;177.86;BESS_fixo
4;parcialmente_nublado;Storage;BESS_barra5;5;130,11;267.0;BESS_fixo
4;parcialmente_nublado;Storage;BESS_barra9;9;196,07;420.48;BESS_fixo
4;parcialmente_nublado;Storage;BESS_barra24;24;231,21;268.21;BESS_fixo
4;parcialmente_nublado;Storage;BESS_barra13;13;166,87;370.16;BESS_fixo
4;parcialmente_nublado;Storage;BESS_barra27;27;166,24;458.74;BESS_fixo
4;parcialmente_nublado;Storage;BESS_barra10;10;150,59;322.27;BESS_fixo
4;parcialmente_nublado;Storage;BESS_barra21;21;202,23;154.57;BESS_fixo
4;parcialmente_nublado;Storage;BESS_barra16;16;240,99;205.09;BESS_fixo
4;parcialmente_nublado;Storage;BESS_barra20;20;66,56;280.75;BESS_fixo
5;nublado;PVSystem;PV_barra14;14;350,0;;PV_irr_real5
5;nublado;PVSystem;PV_barra28;28;100,0;;PV_irr_real5
5;nublado;PVSystem;PV_barra2;2;750,0;;PV_irr_real5
5;nublado;PVSystem;PV_barra31;31;150,0;;PV_irr_real5
5;nublado;PVSystem;PV_barra32;32;150,0;;PV_irr_real5
5;nublado;PVSystem;PV_barra8;8;350,0;;PV_irr_real5
5;nublado;PVSystem;PV_barra7;7;95,9;;PV_irr_real5
5;nublado;Storage;BESS_barra24;24;140,97;177.38;BESS_fixo
5;nublado;Storage;BESS_barra3;3;220,59;467.12;BESS_fixo
5;nublado;Storage;BESS_barra10;10;86,76;336.89;BESS_fixo
5;nublado;Storage;BESS_barra27;27;73,31;413.36;BESS_fixo
5;nublado;Storage;BESS_barra26;26;248,47;497.5;BESS_fixo
5;nublado;Storage;BESS_barra25;25;217,8;175.94;BESS_fixo
5;nublado;Storage;BESS_barra16;16;60,0;101.22;BESS_fixo
5;nublado;Storage;BESS_barra12;12;64,57;476.53;BESS_fixo
5;nublado;Storage;BESS_barra33;33;165,66;388.79;BESS_fixo
5;nublado;Storage;BESS_barra21;21;132,93;370.28;BESS_fixo
5;nublado;Storage;BESS_barra22;22;174,25;457.83;BESS_fixo
5;nublado;Storage;BESS_barra18;18;87,25;289.27;BESS_fixo
5;nublado;Storage;BESS_barra6;6;91,21;242.95;BESS_fixo
5;nublado;Storage;BESS_barra5;5;154,33;394.85;BESS_fixo
5;nublado;Storage;BESS_barra11;11;106,28;174.64;BESS_fixo
5;nublado;Storage;BESS_barra17;17;99,66;137.65;BESS_fixo
5;nublado;Storage;BESS_barra23;23;160,26;351.36;BESS_fixo
5;nublado;Storage;BESS_barra13;13;156,64;117.1;BESS_fixo
5;nublado;Storage;BESS_barra1;1;67,05;456.94;BESS_fixo
5;nublado;Storage;BESS_barra19;19;143,24;188.23;BESS_fixo
5;nublado;Storage;BESS_barra34;34;101,33;468.46;BESS_fixo
5;nublado;Storage;BESS_barra15;15;205,23;497.62;BESS_fixo
6;ceu_aberto;PVSystem;PV_barra30;30;400,0;;PV_irr_real6
6;ceu_aberto;PVSystem;PV_barra6;6;100,0;;PV_irr_real6
6;ceu_aberto;PVSystem;PV_barra20;20;350,0;;PV_irr_real6
6;ceu_aberto;PVSystem;PV_barra24;24;300,0;;PV_irr_real6
6;ceu_aberto;PVSystem;PV_barra34;34;200,0;;PV_irr_real6
6;ceu_aberto;PVSystem;PV_barra8;8;350,0;;PV_irr_real6
6;ceu_aberto;PVSystem;PV_barra23;23;245,9;;PV_irr_real6
6;ceu_aberto;Storage;BESS_barra26;26;109,33;339.66;BESS_fixo
6;ceu_aberto;Storage;BESS_barra9;9;237,24;344.34;BESS_fixo
6;ceu_aberto;Storage;BESS_barra7;7;193,86;480.97;BESS_fixo
6;ceu_aberto;Storage;BESS_barra29;29;137,0;222.44;BESS_fixo
6;ceu_aberto;Storage;BESS_barra19;19;177,6;277.85;BESS_fixo
6;ceu_aberto;Storage;BESS_barra28;28;182,01;376.74;BESS_fixo
6;ceu_aberto;Storage;BESS_barra25;25;116,81;329.69;BESS_fixo
6;ceu_aberto;Storage;BESS_barra22;22;166,93;244.73;BESS_fixo
6;ceu_aberto;Storage;BESS_barra27;27;152,35;127.6;BESS_fixo
6;ceu_aberto;Storage;BESS_barra15;15;126,0;163.18;BESS_fixo
6;ceu_aberto;Storage;BESS_barra3;3;52,87;121.48;BESS_fixo
6;ceu_aberto;Storage;BESS_barra18;18;159,1;260.34;BESS_fixo
6;ceu_aberto;Storage;BESS_barra14;14;80,06;353.63;BESS_fixo
6;ceu_aberto;Storage;BESS_barra13;13;238,45;136.88;BESS_fixo
6;ceu_aberto;Storage;BESS_barra2;2;208,72;388.73;BESS_fixo
6;ceu_aberto;Storage;BESS_barra32;32;215,04;157.64;BESS_fixo
6;ceu_aberto;Storage;BESS_barra5;5;161,8;316.35;BESS_fixo
6;ceu_aberto;Storage;BESS_barra1;1;153,27;186.93;BESS_fixo
6;ceu_aberto;Storage;BESS_barra31;31;181,5;125.04;BESS_fixo
6;ceu_aberto;Storage;BESS_barra17;17;79,61;286.57;BESS_fixo
6;ceu_aberto;Storage;BESS_barra11;11;185,7;344.59;BESS_fixo
6;ceu_aberto;Storage;BESS_barra12;12;126,38;212.52;BESS_fixo
7;parcialmente_nublado;PVSystem;PV_barra10;10;550,0;;PV_irr_real7
7;parcialmente_nublado;PVSystem;PV_barra15;15;50,0;;PV_irr_real7
7;parcialmente_nublado;PVSystem;PV_barra31;31;250,0;;PV_irr_real7
7;parcialmente_nublado;PVSystem;PV_barra18;18;150,0;;PV_irr_real7
7;parcialmente_nublado;PVSystem;PV_barra16;16;600,0;;PV_irr_real7
7;parcialmente_nublado;PVSystem;PV_barra1;1;250,0;;PV_irr_real7
7;parcialmente_nublado;PVSystem;PV_barra11;11;95,9;;PV_irr_real7
7;parcialmente_nublado;Storage;BESS_barra22;22;159,18;133.78;BESS_fixo
7;parcialmente_nublado;Storage;BESS_barra26;26;233,82;252.6;BESS_fixo
7;parcialmente_nublado;Storage;BESS_barra32;32;166,71;388.13;BESS_fixo
7;parcialmente_nublado;Storage;BESS_barra13;13;160,6;499.3;BESS_fixo
7;parcialmente_nublado;Storage;BESS_barra27;27;113,72;283.28;BESS_fixo
7;parcialmente_nublado;Storage;BESS_barra23;23;89,42;360.58;BESS_fixo
7;parcialmente_nublado;Storage;BESS_barra2;2;159,32;371.43;BESS_fixo
7;parcialmente_nublado;Storage;BESS_barra6;6;67,75;248.47;BESS_fixo
7;parcialmente_nublado;Storage;BESS_barra12;12;207,9;344.89;BESS_fixo
7;parcialmente_nublado;Storage;BESS_barra30;30;184,04;412.03;BESS_fixo
7;parcialmente_nublado;Storage;BESS_barra20;20;175,94;346.28;BESS_fixo
7;parcialmente_nublado;Storage;BESS_barra4;4;98,46;397.8;BESS_fixo
7;parcialmente_nublado;Storage;BESS_barra34;34;57,21;380.37;BESS_fixo
7;parcialmente_nublado;Storage;BESS_barra25;25;80,9;346.02;BESS_fixo
7;parcialmente_nublado;Storage;BESS_barra28;28;186,63;348.7;BESS_fixo
7;parcialmente_nublado;Storage;BESS_barra21;21;179,45;242.39;BESS_fixo
7;parcialmente_nublado;Storage;BESS_barra14;14;247,56;434.53;BESS_fixo
7;parcialmente_nublado;Storage;BESS_barra9;9;84,45;128.95;BESS_fixo
7;parcialmente_nublado;Storage;BESS_barra17;17;211,57;322.44;BESS_fixo
7;parcialmente_nublado;Storage;BESS_barra7;7;213,79;253.54;BESS_fixo
7;parcialmente_nublado;Storage;BESS_barra29;29;179,89;418.86;BESS_fixo
7;parcialmente_nublado;Storage;BESS_barra24;24;60,1;363.75;BESS_fixo
8;ceu_aberto;PVSystem;PV_barra18;18;550,0;;PV_irr_real8
8;ceu_aberto;PVSystem;PV_barra25;25;550,0;;PV_irr_real8
8;ceu_aberto;PVSystem;PV_barra33;33;400,0;;PV_irr_real8
8;ceu_aberto;PVSystem;PV_barra7;7;200,0;;PV_irr_real8
8;ceu_aberto;PVSystem;PV_barra3;3;245,9;;PV_irr_real8
8;ceu_aberto;Storage;BESS_barra24;24;245,74;295.21;BESS_fixo
8;ceu_aberto;Storage;BESS_barra19;19;232,93;168.78;BESS_fixo
8;ceu_aberto;Storage;BESS_barra2;2;226,33;113.29;BESS_fixo
8;ceu_aberto;Storage;BESS_barra30;30;135,17;381.54;BESS_fixo
8;ceu_aberto;Storage;BESS_barra13;13;141,65;390.89;BESS_fixo
8;ceu_aberto;Storage;BESS_barra34;34;83,32;403.48;BESS_fixo
8;ceu_aberto;Storage;BESS_barra10;10;92,17;397.29;BESS_fixo
8;ceu_aberto;Storage;BESS_barra11;11;81,03;241.17;BESS_fixo
8;ceu_aberto;Storage;BESS_barra15;15;82,7;306.18;BESS_fixo
8;ceu_aberto;Storage;BESS_barra20;20;148,19;150.86;BESS_fixo
8;ceu_aberto;Storage;BESS_barra6;6;242,87;292.94;BESS_fixo
8;ceu_aberto;Storage;BESS_barra29;29;141,02;486.24;BESS_fixo
8;ceu_aberto;Storage;BESS_barra5;5;198,37;101.88;BESS_fixo
8;ceu_aberto;Storage;BESS_barra31;31;239,43;449.62;BESS_fixo
8;ceu_aberto;Storage;BESS_barra12;12;58,15;325.16;BESS_fixo
8;ceu_aberto;Storage;BESS_barra14;14;211,2;324.11;BESS_fixo
8;ceu_aberto;Storage;BESS_barra1;1;73,28;291.98;BESS_fixo
8;ceu_aberto;Storage;BESS_barra27;27;72,19;211.65;BESS_fixo
8;ceu_aberto;Storage;BESS_barra22;22;172,86;377.3;BESS_fixo
8;ceu_aberto;Storage;BESS_barra32;32;123,04;372.43;BESS_fixo
8;ceu_aberto;Storage;BESS_barra8;8;233,98;137.02;BESS_fixo
8;ceu_aberto;Storage;BESS_barra23;23;125,5;138.83;BESS_fixo
9;nublado;PVSystem;PV_barra4;4;900,0;;PV_irr_real9
9;nublado;PVSystem;PV_barra19;19;600,0;;PV_irr_real9
9;nublado;PVSystem;PV_barra12;12;150,0;;PV_irr_real9
9;nublado;PVSystem;PV_barra7;7;295,9;;PV_irr_real9
9;nublado;Storage;BESS_barra16;16;210,64;175.24;BESS_fixo
9;nublado;Storage;BESS_barra15;15;237,39;191.0;BESS_fixo
9;nublado;Storage;BESS_barra20;20;150,22;368.51;BESS_fixo
9;nublado;Storage;BESS_barra22;22;87,55;117.81;BESS_fixo
9;nublado;Storage;BESS_barra6;6;239,61;356.2;BESS_fixo
9;nublado;Storage;BESS_barra17;17;54,89;228.31;BESS_fixo
9;nublado;Storage;BESS_barra28;28;121,68;124.39;BESS_fixo
9;nublado;Storage;BESS_barra10;10;131,75;101.29;BESS_fixo
9;nublado;Storage;BESS_barra14;14;235,21;479.48;BESS_fixo
9;nublado;Storage;BESS_barra24;24;138,81;132.96;BESS_fixo
9;nublado;Storage;BESS_barra11;11;127,94;138.35;BESS_fixo
9;nublado;Storage;BESS_barra8;8;235,36;476.34;BESS_fixo
9;nublado;Storage;BESS_barra30;30;66,45;411.9;BESS_fixo
9;nublado;Storage;BESS_barra18;18;246,26;231.67;BESS_fixo
9;nublado;Storage;BESS_barra27;27;60,03;310.27;BESS_fixo
9;nublado;Storage;BESS_barra13;13;177,48;330.58;BESS_fixo
9;nublado;Storage;BESS_barra26;26;233,92;391.45;BESS_fixo
9;nublado;Storage;BESS_barra29;29;110,56;138.2;BESS_fixo
9;nublado;Storage;BESS_barra25;25;140,31;400.92;BESS_fixo
9;nublado;Storage;BESS_barra23;23;130,2;340.04;BESS_fixo
9;nublado;Storage;BESS_barra33;33;50,05;274.71;BESS_fixo
9;nublado;Storage;BESS_barra1;1;127,03;492.49;BESS_fixo
10;parcialmente_nublado;PVSystem;PV_barra27;27;200,0;;PV_irr_real10
10;parcialmente_nublado;PVSystem;PV_barra3;3;250,0;;PV_irr_real10
10;parcialmente_nublado;PVSystem;PV_barra32;32;350,0;;PV_irr_real10
10;parcialmente_nublado;PVSystem;PV_barra30;30;300,0;;PV_irr_real10
10;parcialmente_nublado;PVSystem;PV_barra22;22;200,0;;PV_irr_real10
10;parcialmente_nublado;PVSystem;PV_barra8;8;200,0;;PV_irr_real10
10;parcialmente_nublado;PVSystem;PV_barra18;18;445,9;;PV_irr_real10
10;parcialmente_nublado;Storage;BESS_barra12;12;123,12;477.02;BESS_fixo
10;parcialmente_nublado;Storage;BESS_barra16;16;126,6;364.07;BESS_fixo
10;parcialmente_nublado;Storage;BESS_barra24;24;239,6;161.01;BESS_fixo
10;parcialmente_nublado;Storage;BESS_barra1;1;171,32;164.04;BESS_fixo
10;parcialmente_nublado;Storage;BESS_barra25;25;207,72;264.31;BESS_fixo
10;parcialmente_nublado;Storage;BESS_barra17;17;131,28;309.48;BESS_fixo
10;parcialmente_nublado;Storage;BESS_barra23;23;83,25;461.06;BESS_fixo
10;parcialmente_nublado;Storage;BESS_barra34;34;148,89;128.73;BESS_fixo
10;parcialmente_nublado;Storage;BESS_barra13;13;201,98;404.79;BESS_fixo
10;parcialmente_nublado;Storage;BESS_barra7;7;94,57;190.59;BESS_fixo
10;parcialmente_nublado;Storage;BESS_barra15;15;101,33;408.36;BESS_fixo
10;parcialmente_nublado;Storage;BESS_barra11;11;223,12;298.85;BESS_fixo
10;parcialmente_nublado;Storage;BESS_barra31;31;200,27;381.71;BESS_fixo
10;parcialmente_nublado;Storage;BESS_barra20;20;131,3;461.82;BESS_fixo
10;parcialmente_nublado;Storage;BESS_barra19;19;143,45;232.57;BESS_fixo
10;parcialmente_nublado;Storage;BESS_barra2;2;221,69;353.28;BESS_fixo
10;parcialmente_nublado;Storage;BESS_barra6;6;184,76;382.07;BESS_fixo
10;parcialmente_nublado;Storage;BESS_barra14;14;243,26;243.04;BESS_fixo
10;parcialmente_nublado;Storage;BESS_barra5;5;219,03;102.92;BESS_fixo
10;parcialmente_nublado;Storage;BESS_barra29;29;166,34;456.79;BESS_fixo
10;parcialmente_nublado;Storage;BESS_barra4;4;56,49;493.09;BESS_fixo
10;parcialmente_nublado;Storage;BESS_barra26;26;246,38;454.02;BESS_fixo
11;ceu_aberto;PVSystem;PV_barra24;24;400,0;;PV_irr_real11
11;ceu_aberto;PVSystem;PV_barra20;20;950,0;;PV_irr_real11
11;ceu_aberto;PVSystem;PV_barra9;9;595,9;;PV_irr_real11
11;ceu_aberto;Storage;BESS_barra4;4;212,6;207.01;BESS_fixo
11;ceu_aberto;Storage;BESS_barra8;8;110,31;144.37;BESS_fixo
11;ceu_aberto;Storage;BESS_barra34;34;88,88;231.69;BESS_fixo
11;ceu_aberto;Storage;BESS_barra12;12;111,79;211.06;BESS_fixo
11;ceu_aberto;Storage;BESS_barra7;7;180,37;468.4;BESS_fixo
11;ceu_aberto;Storage;BESS_barra26;26;170,58;114.36;BESS_fixo
11;ceu_aberto;Storage;BESS_barra10;10;240,11;391.69;BESS_fixo
11;ceu_aberto;Storage;BESS_barra15;15;156,73;435.93;BESS_fixo
11;ceu_aberto;Storage;BESS_barra25;25;80,13;455.42;BESS_fixo
11;ceu_aberto;Storage;BESS_barra29;29;57,2;495.46;BESS_fixo
11;ceu_aberto;Storage;BESS_barra19;19;141,92;333.72;BESS_fixo
11;ceu_aberto;Storage;BESS_barra1;1;77,26;304.41;BESS_fixo
11;ceu_aberto;Storage;BESS_barra21;21;185,42;250.27;BESS_fixo
11;ceu_aberto;Storage;BESS_barra16;16;199,17;248.56;BESS_fixo
11;ceu_aberto;Storage;BESS_barra14;14;201,51;463.7;BESS_fixo
11;ceu_aberto;Storage;BESS_barra2;2;193,49;171.15;BESS_fixo
11;ceu_aberto;Storage;BESS_barra17;17;198,81;489.69;BESS_fixo
11;ceu_aberto;Storage;BESS_barra18;18;149,52;132.9;BESS_fixo
11;ceu_aberto;Storage;BESS_barra6;6;177,98;263.06;BESS_fixo
11;ceu_aberto;Storage;BESS_barra28;28;230,62;276.93;BESS_fixo
11;ceu_aberto;Storage;BESS_barra30;30;120,9;207.01;BESS_fixo
11;ceu_aberto;Storage;BESS_barra32;32;230,01;421.13;BESS_fixo
12;ceu_aberto;PVSystem;PV_barra14;14;800,0;;PV_irr_real12
12;ceu_aberto;PVSystem;PV_barra29;29;400,0;;PV_irr_real12
12;ceu_aberto;PVSystem;PV_barra2;2;150,0;;PV_irr_real12
12;ceu_aberto;PVSystem;PV_barra22;22;500,0;;PV_irr_real12
12;ceu_aberto;PVSystem;PV_barra18;18;95,9;;PV_irr_real12
12;ceu_aberto;Storage;BESS_barra25;25;223,28;410.57;BESS_fixo
12;ceu_aberto;Storage;BESS_barra10;10;191,77;251.71;BESS_fixo
12;ceu_aberto;Storage;BESS_barra34;34;56,17;309.63;BESS_fixo
12;ceu_aberto;Storage;BESS_barra33;33;215,39;223.67;BESS_fixo
12;ceu_aberto;Storage;BESS_barra4;4;176,47;163.61;BESS_fixo
12;ceu_aberto;Storage;BESS_barra8;8;113,32;302.48;BESS_fixo
12;ceu_aberto;Storage;BESS_barra12;12;224,07;152.98;BESS_fixo
12;ceu_aberto;Storage;BESS_barra15;15;135,91;224.83;BESS_fixo
12;ceu_aberto;Storage;BESS_barra6;6;60,3;248.84;BESS_fixo
12;ceu_aberto;Storage;BESS_barra1;1;244,73;233.82;BESS_fixo
12;ceu_aberto;Storage;BESS_barra27;27;80,86;227.87;BESS_fixo
12;ceu_aberto;Storage;BESS_barra21;21;239,79;183.18;BESS_fixo
12;ceu_aberto;Storage;BESS_barra32;32;191,41;157.42;BESS_fixo
12;ceu_aberto;Storage;BESS_barra30;30;196,34;414.4;BESS_fixo
12;ceu_aberto;Storage;BESS_barra13;13;127,03;440.11;BESS_fixo
12;ceu_aberto;Storage;BESS_barra28;28;132,01;192.32;BESS_fixo
12;ceu_aberto;Storage;BESS_barra16;16;190,31;460.89;BESS_fixo
12;ceu_aberto;Storage;BESS_barra19;19;146,81;407.06;BESS_fixo
12;ceu_aberto;Storage;BESS_barra9;9;112,49;244.68;BESS_fixo
12;ceu_aberto;Storage;BESS_barra26;26;86,6;454.53;BESS_fixo
12;ceu_aberto;Storage;BESS_barra3;3;79,66;242.28;BESS_fixo
12;ceu_aberto;Storage;BESS_barra23;23;139,67;283.24;BESS_fixo
13;parcialmente_nublado;PVSystem;PV_barra18;18;600,0;;PV_irr_real13
13;parcialmente_nublado;PVSystem;PV_barra3;3;500,0;;PV_irr_real13
13;parcialmente_nublado;PVSystem;PV_barra24;24;650,0;;PV_irr_real13
13;parcialmente_nublado;PVSystem;PV_barra29;29;195,9;;PV_irr_real13
13;parcialmente_nublado;Storage;BESS_barra2;2;235,96;281.46;BESS_fixo
13;parcialmente_nublado;Storage;BESS_barra9;9;158,89;417.61;BESS_fixo
13;parcialmente_nublado;Storage;BESS_barra8;8;212,7;273.52;BESS_fixo
13;parcialmente_nublado;Storage;BESS_barra16;16;224,22;125.72;BESS_fixo
13;parcialmente_nublado;Storage;BESS_barra5;5;56,4;118.72;BESS_fixo
13;parcialmente_nublado;Storage;BESS_barra12;12;89,0;374.39;BESS_fixo
13;parcialmente_nublado;Storage;BESS_barra7;7;243,51;494.47;BESS_fixo
13;parcialmente_nublado;Storage;BESS_barra25;25;215,53;149.47;BESS_fixo
13;parcialmente_nublado;Storage;BESS_barra13;13;247,63;109.25;BESS_fixo
13;parcialmente_nublado;Storage;BESS_barra28;28;186,13;251.18;BESS_fixo
13;parcialmente_nublado;Storage;BESS_barra6;6;82,2;269.14;BESS_fixo
13;parcialmente_nublado;Storage;BESS_barra26;26;136,74;480.74;BESS_fixo
13;parcialmente_nublado;Storage;BESS_barra30;30;73,67;170.01;BESS_fixo
13;parcialmente_nublado;Storage;BESS_barra23;23;216,37;355.95;BESS_fixo
13;parcialmente_nublado;Storage;BESS_barra10;10;157,98;469.82;BESS_fixo
13;parcialmente_nublado;Storage;BESS_barra1;1;91,97;374.06;BESS_fixo
13;parcialmente_nublado;Storage;BESS_barra22;22;232,07;306.34;BESS_fixo
13;parcialmente_nublado;Storage;BESS_barra34;34;136,61;169.4;BESS_fixo
13;parcialmente_nublado;Storage;BESS_barra19;19;82,84;176.04;BESS_fixo
13;parcialmente_nublado;Storage;BESS_barra4;4;194,71;251.4;BESS_fixo
13;parcialmente_nublado;Storage;BESS_barra31;31;241,77;180.79;BESS_fixo
13;parcialmente_nublado;Storage;BESS_barra17;17;240,98;259.71;BESS_fixo
14;parcialmente_nublado;PVSystem;PV_barra23;23;450,0;;PV_irr_real14
14;parcialmente_nublado;PVSystem;PV_barra31;31;250,0;;PV_irr_real14
14;parcialmente_nublado;PVSystem;PV_barra10;10;350,0;;PV_irr_real14
14;parcialmente_nublado;PVSystem;PV_barra21;21;800,0;;PV_irr_real14
14;parcialmente_nublado;PVSystem;PV_barra6;6;95,9;;PV_irr_real14
14;parcialmente_nublado;Storage;BESS_barra16;16;51,1;224.02;BESS_fixo
14;parcialmente_nublado;Storage;BESS_barra22;22;74,42;392.02;BESS_fixo
14;parcialmente_nublado;Storage;BESS_barra33;33;171,87;334.59;BESS_fixo
14;parcialmente_nublado;Storage;BESS_barra9;9;77,45;366.53;BESS_fixo
14;parcialmente_nublado;Storage;BESS_barra12;12;239,89;450.41;BESS_fixo
14;parcialmente_nublado;Storage;BESS_barra32;32;116,12;453.19;BESS_fixo
14;parcialmente_nublado;Storage;BESS_barra7;7;58,36;405.44;BESS_fixo
14;parcialmente_nublado;Storage;BESS_barra29;29;116,73;463.52;BESS_fixo
14;parcialmente_nublado;Storage;BESS_barra20;20;147,53;463.13;BESS_fixo
14;parcialmente_nublado;Storage;BESS_barra3;3;55,07;463.89;BESS_fixo
14;parcialmente_nublado;Storage;BESS_barra30;30;53,45;446.78;BESS_fixo
14;parcialmente_nublado;Storage;BESS_barra14;14;164,27;163.05;BESS_fixo
14;parcialmente_nublado;Storage;BESS_barra17;17;93,0;219.83;BESS_fixo
14;parcialmente_nublado;Storage;BESS_barra24;24;203,12;151.22;BESS_fixo
14;parcialmente_nublado;Storage;BESS_barra34;34;135,7;479.1;BESS_fixo
14;parcialmente_nublado;Storage;BESS_barra15;15;51,09;233.74;BESS_fixo
14;parcialmente_nublado;Storage;BESS_barra1;1;155,2;139.1;BESS_fixo
14;parcialmente_nublado;Storage;BESS_barra26;26;142,45;499.02;BESS_fixo
14;parcialmente_nublado;Storage;BESS_barra13;13;74,42;439.6;BESS_fixo
14;parcialmente_nublado;Storage;BESS_barra2;2;102,11;468.3;BESS_fixo
14;parcialmente_nublado;Storage;BESS_barra8;8;195,54;435.84;BESS_fixo
14;parcialmente_nublado;Storage;BESS_barra19;19;200,37;445.36;BESS_fixo
15;nublado;PVSystem;PV_barra10;10;900,0;;PV_irr_real15
15;nublado;PVSystem;PV_barra27;27;600,0;;PV_irr_real15
15;nublado;PVSystem;PV_barra8;8;350,0;;PV_irr_real15
15;nublado;PVSystem;PV_barra6;6;95,9;;PV_irr_real15
15;nublado;Storage;BESS_barra28;28;135,43;204.25;BESS_fixo
15;nublado;Storage;BESS_barra34;34;235,9;163.74;BESS_fixo
15;nublado;Storage;BESS_barra25;25;58,92;297.84;BESS_fixo
15;nublado;Storage;BESS_barra14;14;141,74;373.69;BESS_fixo
15;nublado;Storage;BESS_barra3;3;96,11;357.79;BESS_fixo
15;nublado;Storage;BESS_barra26;26;71,95;242.08;BESS_fixo
15;nublado;Storage;BESS_barra20;20;168,11;286.45;BESS_fixo
15;nublado;Storage;BESS_barra30;30;93,45;287.55;BESS_fixo
15;nublado;Storage;BESS_barra1;1;229,61;448.03;BESS_fixo
15;nublado;Storage;BESS_barra33;33;83,2;434.54;BESS_fixo
15;nublado;Storage;BESS_barra24;24;141,58;423.27;BESS_fixo
15;nublado;Storage;BESS_barra29;29;94,73;394.8;BESS_fixo
15;nublado;Storage;BESS_barra21;21;158,0;237.2;BESS_fixo
15;nublado;Storage;BESS_barra32;32;93,0;450.25;BESS_fixo
15;nublado;Storage;BESS_barra12;12;95,83;465.36;BESS_fixo
15;nublado;Storage;BESS_barra7;7;200,35;449.34;BESS_fixo
15;nublado;Storage;BESS_barra2;2;227,16;306.94;BESS_fixo
15;nublado;Storage;BESS_barra31;31;191,04;414.18;BESS_fixo
15;nublado;Storage;BESS_barra17;17;205,3;329.13;BESS_fixo
15;nublado;Storage;BESS_barra15;15;150,46;182.3;BESS_fixo
15;nublado;Storage;BESS_barra11;11;232,03;385.28;BESS_fixo
15;nublado;Storage;BESS_barra9;9;114,24;201.73;BESS_fixo
16;nublado;PVSystem;PV_barra25;25;50,0;;PV_irr_real16
16;nublado;PVSystem;PV_barra3;3;100,0;;PV_irr_real16
16;nublado;PVSystem;PV_barra30;30;300,0;;PV_irr_real16
16;nublado;PVSystem;PV_barra1;1;250,0;;PV_irr_real16
16;nublado;PVSystem;PV_barra2;2;300,0;;PV_irr_real16
16;nublado;PVSystem;PV_barra7;7;250,0;;PV_irr_real16
16;nublado;PVSystem;PV_barra18;18;50,0;;PV_irr_real16
16;nublado;PVSystem;PV_barra15;15;645,9;;PV_irr_real16
16;nublado;Storage;BESS_barra31;31;102,68;192.08;BESS_fixo
16;nublado;Storage;BESS_barra16;16;212,53;213.23;BESS_fixo
16;nublado;Storage;BESS_barra14;14;191,49;288.84;BESS_fixo
16;nublado;Storage;BESS_barra5;5;202,71;465.7;BESS_fixo
16;nublado;Storage;BESS_barra6;6;133,67;455.32;BESS_fixo
16;nublado;Storage;BESS_barra8;8;166,85;139.46;BESS_fixo
16;nublado;Storage;BESS_barra23;23;129,65;102.0;BESS_fixo
16;nublado;Storage;BESS_barra13;13;120,29;260.4;BESS_fixo
16;nublado;Storage;BESS_barra4;4;242,79;363.04;BESS_fixo
16;nublado;Storage;BESS_barra21;21;215,58;284.78;BESS_fixo
16;nublado;Storage;BESS_barra24;24;143,77;247.41;BESS_fixo
16;nublado;Storage;BESS_barra19;19;140,72;450.87;BESS_fixo
16;nublado;Storage;BESS_barra17;17;163,43;231.74;BESS_fixo
16;nublado;Storage;BESS_barra28;28;107,53;293.23;BESS_fixo
16;nublado;Storage;BESS_barra12;12;198,74;448.66;BESS_fixo
16;nublado;Storage;BESS_barra27;27;183,88;338.66;BESS_fixo
16;nublado;Storage;BESS_barra34;34;180,21;266.6;BESS_fixo
16;nublado;Storage;BESS_barra26;26;211,05;395.35;BESS_fixo
16;nublado;Storage;BESS_barra20;20;240,16;345.62;BESS_fixo
16;nublado;Storage;BESS_barra9;9;122,38;151.35;BESS_fixo
16;nublado;Storage;BESS_barra32;32;246,24;159.22;BESS_fixo
16;nublado;Storage;BESS_barra10;10;176,56;479.67;BESS_fixo
17;ceu_aberto;PVSystem;PV_barra20;20;150,0;;PV_irr_real17
17;ceu_aberto;PVSystem;PV_barra16;16;400,0;;PV_irr_real17
17;ceu_aberto;PVSystem;PV_barra25;25;950,0;;PV_irr_real17
17;ceu_aberto;PVSystem;PV_barra18;18;150,0;;PV_irr_real17
17;ceu_aberto;PVSystem;PV_barra14;14;295,9;;PV_irr_real17
17;ceu_aberto;Storage;BESS_barra15;15;181,73;305.31;BESS_fixo
17;ceu_aberto;Storage;BESS_barra22;22;173,27;236.62;BESS_fixo
17;ceu_aberto;Storage;BESS_barra12;12;213,3;230.63;BESS_fixo
17;ceu_aberto;Storage;BESS_barra10;10;177,33;176.87;BESS_fixo
17;ceu_aberto;Storage;BESS_barra24;24;114,57;244.71;BESS_fixo
17;ceu_aberto;Storage;BESS_barra31;31;52,83;434.21;BESS_fixo
17;ceu_aberto;Storage;BESS_barra17;17;96,8;439.97;BESS_fixo
17;ceu_aberto;Storage;BESS_barra27;27;202,7;422.5;BESS_fixo
17;ceu_aberto;Storage;BESS_barra33;33;69,72;145.34;BESS_fixo
17;ceu_aberto;Storage;BESS_barra34;34;216,65;120.02;BESS_fixo
17;ceu_aberto;Storage;BESS_barra28;28;187,86;152.81;BESS_fixo
17;ceu_aberto;Storage;BESS_barra30;30;184,91;194.25;BESS_fixo
17;ceu_aberto;Storage;BESS_barra4;4;208,41;231.3;BESS_fixo
17;ceu_aberto;Storage;BESS_barra19;19;220,59;113.56;BESS_fixo
17;ceu_aberto;Storage;BESS_barra6;6;248,1;270.4;BESS_fixo
17;ceu_aberto;Storage;BESS_barra29;29;218,48;301.69;BESS_fixo
17;ceu_aberto;Storage;BESS_barra9;9;227,71;108.72;BESS_fixo
17;ceu_aberto;Storage;BESS_barra3;3;82,11;326.02;BESS_fixo
17;ceu_aberto;Storage;BESS_barra23;23;194,34;240.48;BESS_fixo
17;ceu_aberto;Storage;BESS_barra32;32;121,51;257.9;BESS_fixo
17;ceu_aberto;Storage;BESS_barra8;8;205,4;349.33;BESS_fixo
17;ceu_aberto;Storage;BESS_barra2;2;187,35;493.39;BESS_fixo
18;nublado;PVSystem;PV_barra28;28;50,0;;PV_irr_real18
18;nublado;PVSystem;PV_barra6;6;500,0;;PV_irr_real18
18;nublado;PVSystem;PV_barra11;11;250,0;;PV_irr_real18
18;nublado;PVSystem;PV_barra32;32;400,0;;PV_irr_real18
18;nublado;PVSystem;PV_barra1;1;150,0;;PV_irr_real18
18;nublado;PVSystem;PV_barra8;8;50,0;;PV_irr_real18
18;nublado;PVSystem;PV_barra10;10;300,0;;PV_irr_real18
18;nublado;PVSystem;PV_barra5;5;150,0;;PV_irr_real18
18;nublado;PVSystem;PV_barra18;18;95,9;;PV_irr_real18
18;nublado;Storage;BESS_barra4;4;79,87;430.56;BESS_fixo
18;nublado;Storage;BESS_barra33;33;130,61;164.01;BESS_fixo
18;nublado;Storage;BESS_barra25;25;162,04;204.67;BESS_fixo
18;nublado;Storage;BESS_barra30;30;220,15;124.03;BESS_fixo
18;nublado;Storage;BESS_barra20;20;73,98;394.39;BESS_fixo
18;nublado;Storage;BESS_barra34;34;235,25;241.11;BESS_fixo
18;nublado;Storage;BESS_barra27;27;153,74;253.49;BESS_fixo
18;nublado;Storage;BESS_barra14;14;128,33;245.26;BESS_fixo
18;nublado;Storage;BESS_barra9;9;131,13;328.45;BESS_fixo
18;nublado;Storage;BESS_barra15;15;63,31;198.29;BESS_fixo
18;nublado;Storage;BESS_barra19;19;159,91;193.56;BESS_fixo
18;nublado;Storage;BESS_barra21;21;116,71;434.37;BESS_fixo
18;nublado;Storage;BESS_barra12;12;201,02;374.53;BESS_fixo
18;nublado;Storage;BESS_barra31;31;161,79;263.7;BESS_fixo
18;nublado;Storage;BESS_barra2;2;105,34;287.79;BESS_fixo
18;nublado;Storage;BESS_barra16;16;149,91;335.83;BESS_fixo
18;nublado;Storage;BESS_barra7;7;116,17;193.44;BESS_fixo
18;nublado;Storage;BESS_barra26;26;99,09;498.25;BESS_fixo
18;nublado;Storage;BESS_barra22;22;249,43;339.47;BESS_fixo
18;nublado;Storage;BESS_barra17;17;90,31;103.72;BESS_fixo
18;nublado;Storage;BESS_barra23;23;73,13;130.84;BESS_fixo
18;nublado;Storage;BESS_barra3;3;108,25;462.34;BESS_fixo
19;nublado;PVSystem;PV_barra23;23;100,0;;PV_irr_real19
19;nublado;PVSystem;PV_barra27;27;300,0;;PV_irr_real19
19;nublado;PVSystem;PV_barra6;6;650,0;;PV_irr_real19
19;nublado;PVSystem;PV_barra8;8;650,0;;PV_irr_real19
19;nublado;PVSystem;PV_barra1;1;245,9;;PV_irr_real19
19;nublado;Storage;BESS_barra21;21;217,63;248.29;BESS_fixo
19;nublado;Storage;BESS_barra24;24;235,42;320.49;BESS_fixo
19;nublado;Storage;BESS_barra26;26;208,77;263.24;BESS_fixo
19;nublado;Storage;BESS_barra25;25;122,84;105.82;BESS_fixo
19;nublado;Storage;BESS_barra22;22;195,43;237.48;BESS_fixo
19;nublado;Storage;BESS_barra29;29;104,26;427.18;BESS_fixo
19;nublado;Storage;BESS_barra31;31;186,87;299.79;BESS_fixo
19;nublado;Storage;BESS_barra15;15;145,48;167.05;BESS_fixo
19;nublado;Storage;BESS_barra10;10;65,49;359.52;BESS_fixo
19;nublado;Storage;BESS_barra7;7;217,62;356.19;BESS_fixo
19;nublado;Storage;BESS_barra19;19;199,14;170.42;BESS_fixo
19;nublado;Storage;BESS_barra14;14;153,07;258.97;BESS_fixo
19;nublado;Storage;BESS_barra4;4;60,99;166.65;BESS_fixo
19;nublado;Storage;BESS_barra20;20;112,78;235.83;BESS_fixo
19;nublado;Storage;BESS_barra12;12;205,87;382.98;BESS_fixo
19;nublado;Storage;BESS_barra32;32;122,65;482.24;BESS_fixo
19;nublado;Storage;BESS_barra3;3;91,92;258.38;BESS_fixo
19;nublado;Storage;BESS_barra33;33;130,6;451.29;BESS_fixo
19;nublado;Storage;BESS_barra2;2;148,84;459.66;BESS_fixo
19;nublado;Storage;BESS_barra9;9;243,68;250.13;BESS_fixo
19;nublado;Storage;BESS_barra16;16;121,51;343.6;BESS_fixo
19;nublado;Storage;BESS_barra30;30;73,54;195.85;BESS_fixo
20;nublado;PVSystem;PV_barra33;33;650,0;;PV_irr_real20
20;nublado;PVSystem;PV_barra34;34;700,0;;PV_irr_real20
20;nublado;PVSystem;PV_barra9;9;200,0;;PV_irr_real20
20;nublado;PVSystem;PV_barra11;11;100,0;;PV_irr_real20
20;nublado;PVSystem;PV_barra18;18;150,0;;PV_irr_real20
20;nublado;PVSystem;PV_barra24;24;145,9;;PV_irr_real20
20;nublado;Storage;BESS_barra23;23;237,59;302.39;BESS_fixo
20;nublado;Storage;BESS_barra3;3;66,37;286.78;BESS_fixo
20;nublado;Storage;BESS_barra16;16;68,21;375.48;BESS_fixo
20;nublado;Storage;BESS_barra2;2;143,34;241.45;BESS_fixo
20;nublado;Storage;BESS_barra17;17;99,93;384.97;BESS_fixo
20;nublado;Storage;BESS_barra13;13;84,44;207.66;BESS_fixo
20;nublado;Storage;BESS_barra32;32;233,47;166.11;BESS_fixo
20;nublado;Storage;BESS_barra6;6;88,19;241.7;BESS_fixo
20;nublado;Storage;BESS_barra19;19;137,32;145.83;BESS_fixo
20;nublado;Storage;BESS_barra5;5;51,73;142.86;BESS_fixo
20;nublado;Storage;BESS_barra31;31;50,3;362.27;BESS_fixo
20;nublado;Storage;BESS_barra8;8;93,25;215.71;BESS_fixo
20;nublado;Storage;BESS_barra25;25;207,94;101.94;BESS_fixo
20;nublado;Storage;BESS_barra7;7;61,76;386.0;BESS_fixo
20;nublado;Storage;BESS_barra21;21;57,28;458.55;BESS_fixo
20;nublado;Storage;BESS_barra30;30;52,46;251.14;BESS_fixo
20;nublado;Storage;BESS_barra14;14;98,06;461.19;BESS_fixo
20;nublado;Storage;BESS_barra1;1;234,91;362.73;BESS_fixo
20;nublado;Storage;BESS_barra29;29;132,64;256.05;BESS_fixo
20;nublado;Storage;BESS_barra27;27;148,98;455.25;BESS_fixo
20;nublado;Storage;BESS_barra22;22;186,97;332.61;BESS_fixo
20;nublado;Storage;BESS_barra12;12;135,09;148.78;BESS_fixo
21;ceu_aberto;PVSystem;PV_barra21;21;300,0;;PV_irr_real21
21;ceu_aberto;PVSystem;PV_barra23;23;600,0;;PV_irr_real21
21;ceu_aberto;PVSystem;PV_barra2;2;400,0;;PV_irr_real21
21;ceu_aberto;PVSystem;PV_barra24;24;50,0;;PV_irr_real21
21;ceu_aberto;PVSystem;PV_barra32;32;50,0;;PV_irr_real21
21;ceu_aberto;PVSystem;PV_barra25;25;545,9;;PV_irr_real21
21;ceu_aberto;Storage;BESS_barra34;34;80,13;187.0;BESS_fixo
21;ceu_aberto;Storage;BESS_barra12;12;149,52;251.6;BESS_fixo
21;ceu_aberto;Storage;BESS_barra28;28;197,22;437.99;BESS_fixo
21;ceu_aberto;Storage;BESS_barra29;29;234,87;328.56;BESS_fixo
21;ceu_aberto;Storage;BESS_barra16;16;150,3;194.47;BESS_fixo
21;ceu_aberto;Storage;BESS_barra30;30;173,99;117.6;BESS_fixo
21;ceu_aberto;Storage;BESS_barra31;31;181,04;198.67;BESS_fixo
21;ceu_aberto;Storage;BESS_barra6;6;121,95;118.25;BESS_fixo
21;ceu_aberto;Storage;BESS_barra14;14;108,62;267.6;BESS_fixo
21;ceu_aberto;Storage;BESS_barra27;27;76,23;417.19;BESS_fixo
21;ceu_aberto;Storage;BESS_barra11;11;115,72;193.01;BESS_fixo
21;ceu_aberto;Storage;BESS_barra13;13;157,44;390.34;BESS_fixo
21;ceu_aberto;Storage;BESS_barra26;26;66,18;253.52;BESS_fixo
21;ceu_aberto;Storage;BESS_barra33;33;145,86;249.02;BESS_fixo
21;ceu_aberto;Storage;BESS_barra15;15;108,12;386.58;BESS_fixo
21;ceu_aberto;Storage;BESS_barra10;10;139,25;473.05;BESS_fixo
21;ceu_aberto;Storage;BESS_barra4;4;124,74;157.74;BESS_fixo
21;ceu_aberto;Storage;BESS_barra3;3;61,61;461.48;BESS_fixo
21;ceu_aberto;Storage;BESS_barra7;7;213,5;324.36;BESS_fixo
21;ceu_aberto;Storage;BESS_barra1;1;131,88;377.58;BESS_fixo
21;ceu_aberto;Storage;BESS_barra22;22;174,99;319.99;BESS_fixo
21;ceu_aberto;Storage;BESS_barra19;19;81,02;326.43;BESS_fixo
22;nublado;PVSystem;PV_barra24;24;150,0;;PV_irr_real22
22;nublado;PVSystem;PV_barra14;14;300,0;;PV_irr_real22
22;nublado;PVSystem;PV_barra30;30;250,0;;PV_irr_real22
22;nublado;PVSystem;PV_barra17;17;400,0;;PV_irr_real22
22;nublado;PVSystem;PV_barra1;1;50,0;;PV_irr_real22
22;nublado;PVSystem;PV_barra12;12;795,9;;PV_irr_real22
22;nublado;Storage;BESS_barra2;2;109,23;113.14;BESS_fixo
22;nublado;Storage;BESS_barra15;15;140,25;394.99;BESS_fixo
22;nublado;Storage;BESS_barra25;25;161,61;392.0;BESS_fixo
22;nublado;Storage;BESS_barra4;4;185,08;211.34;BESS_fixo
22;nublado;Storage;BESS_barra28;28;91,69;105.6;BESS_fixo
22;nublado;Storage;BESS_barra21;21;140,19;233.87;BESS_fixo
22;nublado;Storage;BESS_barra27;27;180,92;476.69;BESS_fixo
22;nublado;Storage;BESS_barra29;29;170,8;145.12;BESS_fixo
22;nublado;Storage;BESS_barra26;26;169,57;294.72;BESS_fixo
22;nublado;Storage;BESS_barra33;33;54,44;301.86;BESS_fixo
22;nublado;Storage;BESS_barra19;19;136,51;479.51;BESS_fixo
22;nublado;Storage;BESS_barra31;31;118,25;312.82;BESS_fixo
22;nublado;Storage;BESS_barra8;8;84,05;475.93;BESS_fixo
22;nublado;Storage;BESS_barra6;6;124,5;144.61;BESS_fixo
22;nublado;Storage;BESS_barra34;34;199,12;380.5;BESS_fixo
22;nublado;Storage;BESS_barra9;9;215,53;342.56;BESS_fixo
22;nublado;Storage;BESS_barra16;16;56,46;131.52;BESS_fixo
22;nublado;Storage;BESS_barra10;10;79,63;454.65;BESS_fixo
22;nublado;Storage;BESS_barra11;11;132,33;403.87;BESS_fixo
22;nublado;Storage;BESS_barra20;20;213,91;262.71;BESS_fixo
22;nublado;Storage;BESS_barra18;18;123,25;351.15;BESS_fixo
22;nublado;Storage;BESS_barra3;3;150,45;396.83;BESS_fixo
23;parcialmente_nublado;PVSystem;PV_barra31;31;50,0;;PV_irr_real23
23;parcialmente_nublado;PVSystem;PV_barra5;5;150,0;;PV_irr_real23
23;parcialmente_nublado;PVSystem;PV_barra20;20;350,0;;PV_irr_real23
23;parcialmente_nublado;PVSystem;PV_barra18;18;1000,0;;PV_irr_real23
23;parcialmente_nublado;PVSystem;PV_barra25;25;395,9;;PV_irr_real23
23;parcialmente_nublado;Storage;BESS_barra11;11;73,19;176.52;BESS_fixo
23;parcialmente_nublado;Storage;BESS_barra13;13;65,01;244.64;BESS_fixo
23;parcialmente_nublado;Storage;BESS_barra3;3;119,2;479.0;BESS_fixo
23;parcialmente_nublado;Storage;BESS_barra2;2;190,03;210.52;BESS_fixo
23;parcialmente_nublado;Storage;BESS_barra33;33;127,27;492.78;BESS_fixo
23;parcialmente_nublado;Storage;BESS_barra26;26;186,1;305.55;BESS_fixo
23;parcialmente_nublado;Storage;BESS_barra12;12;233,21;366.39;BESS_fixo
23;parcialmente_nublado;Storage;BESS_barra9;9;125,69;146.35;BESS_fixo
23;parcialmente_nublado;Storage;BESS_barra28;28;170,92;336.07;BESS_fixo
23;parcialmente_nublado;Storage;BESS_barra22;22;68,45;278.05;BESS_fixo
23;parcialmente_nublado;Storage;BESS_barra1;1;223,01;159.95;BESS_fixo
23;parcialmente_nublado;Storage;BESS_barra29;29;79,71;312.8;BESS_fixo
23;parcialmente_nublado;Storage;BESS_barra4;4;120,26;195.82;BESS_fixo
23;parcialmente_nublado;Storage;BESS_barra21;21;70,57;366.53;BESS_fixo
23;parcialmente_nublado;Storage;BESS_barra15;15;227,22;197.59;BESS_fixo
23;parcialmente_nublado;Storage;BESS_barra17;17;74,72;445.95;BESS_fixo
23;parcialmente_nublado;Storage;BESS_barra16;16;114,76;174.66;BESS_fixo
23;parcialmente_nublado;Storage;BESS_barra8;8;233,7;493.62;BESS_fixo
23;parcialmente_nublado;Storage;BESS_barra30;30;239,7;176.92;BESS_fixo
23;parcialmente_nublado;Storage;BESS_barra24;24;159,55;396.33;BESS_fixo
23;parcialmente_nublado;Storage;BESS_barra7;7;67,23;276.99;BESS_fixo
23;parcialmente_nublado;Storage;BESS_barra34;34;90,45;279.8;BESS_fixo
24;parcialmente_nublado;PVSystem;PV_barra28;28;200,0;;PV_irr_real24
24;parcialmente_nublado;PVSystem;PV_barra9;9;600,0;;PV_irr_real24
24;parcialmente_nublado;PVSystem;PV_barra11;11;200,0;;PV_irr_real24
24;parcialmente_nublado;PVSystem;PV_barra30;30;150,0;;PV_irr_real24
24;parcialmente_nublado;PVSystem;PV_barra15;15;50,0;;PV_irr_real24
24;parcialmente_nublado;PVSystem;PV_barra5;5;600,0;;PV_irr_real24
24;parcialmente_nublado;PVSystem;PV_barra19;19;145,9;;PV_irr_real24
24;parcialmente_nublado;Storage;BESS_barra7;7;89,53;113.55;BESS_fixo
24;parcialmente_nublado;Storage;BESS_barra34;34;239,96;419.53;BESS_fixo
24;parcialmente_nublado;Storage;BESS_barra4;4;83,47;453.4;BESS_fixo
24;parcialmente_nublado;Storage;BESS_barra24;24;99,34;128.2;BESS_fixo
24;parcialmente_nublado;Storage;BESS_barra10;10;201,72;171.35;BESS_fixo
24;parcialmente_nublado;Storage;BESS_barra1;1;58,91;177.13;BESS_fixo
24;parcialmente_nublado;Storage;BESS_barra17;17;59,78;319.81;BESS_fixo
24;parcialmente_nublado;Storage;BESS_barra22;22;94,6;347.92;BESS_fixo
24;parcialmente_nublado;Storage;BESS_barra33;33;237,69;205.17;BESS_fixo
24;parcialmente_nublado;Storage;BESS_barra29;29;210,71;183.06;BESS_fixo
24;parcialmente_nublado;Storage;BESS_barra12;12;170,98;179.94;BESS_fixo
24;parcialmente_nublado;Storage;BESS_barra16;16;230,54;119.73;BESS_fixo
24;parcialmente_nublado;Storage;BESS_barra18;18;156,96;309.0;BESS_fixo
24;parcialmente_nublado;Storage;BESS_barra23;23;99,06;383.4;BESS_fixo
24;parcialmente_nublado;Storage;BESS_barra27;27;119,85;410.49;BESS_fixo
24;parcialmente_nublado;Storage;BESS_barra14;14;128,28;263.9;BESS_fixo
24;parcialmente_nublado;Storage;BESS_barra32;32;94,77;421.94;BESS_fixo
24;parcialmente_nublado;Storage;BESS_barra31;31;152,54;123.03;BESS_fixo
24;parcialmente_nublado;Storage;BESS_barra3;3;153,31;454.48;BESS_fixo
24;parcialmente_nublado;Storage;BESS_barra21;21;227,72;357.6;BESS_fixo
24;parcialmente_nublado;Storage;BESS_barra13;13;207,88;246.59;BESS_fixo
24;parcialmente_nublado;Storage;BESS_barra20;20;96,23;357.61;BESS_fixo
25;ceu_aberto;PVSystem;PV_barra16;16;350,0;;PV_irr_real25
25;ceu_aberto;PVSystem;PV_barra32;32;400,0;;PV_irr_real25
25;ceu_aberto;PVSystem;PV_barra23;23;100,0;;PV_irr_real25
25;ceu_aberto;PVSystem;PV_barra19;19;400,0;;PV_irr_real25
25;ceu_aberto;PVSystem;PV_barra10;10;350,0;;PV_irr_real25
25;ceu_aberto;PVSystem;PV_barra9;9;345,9;;PV_irr_real25
25;ceu_aberto;Storage;BESS_barra17;17;91,55;456.45;BESS_fixo
25;ceu_aberto;Storage;BESS_barra12;12;110,04;356.96;BESS_fixo
25;ceu_aberto;Storage;BESS_barra25;25;160,22;275.44;BESS_fixo
25;ceu_aberto;Storage;BESS_barra8;8;191,64;343.67;BESS_fixo
25;ceu_aberto;Storage;BESS_barra11;11;167,86;404.01;BESS_fixo
25;ceu_aberto;Storage;BESS_barra15;15;74,15;192.82;BESS_fixo
25;ceu_aberto;Storage;BESS_barra26;26;71,74;417.83;BESS_fixo
25;ceu_aberto;Storage;BESS_barra22;22;240,63;174.6;BESS_fixo
25;ceu_aberto;Storage;BESS_barra30;30;182,13;110.35;BESS_fixo
25;ceu_aberto;Storage;BESS_barra13;13;80,94;231.58;BESS_fixo
25;ceu_aberto;Storage;BESS_barra5;5;119,71;232.09;BESS_fixo
25;ceu_aberto;Storage;BESS_barra31;31;84,79;315.27;BESS_fixo
25;ceu_aberto;Storage;BESS_barra1;1;86,45;475.79;BESS_fixo
25;ceu_aberto;Storage;BESS_barra24;24;83,79;202.7;BESS_fixo
25;ceu_aberto;Storage;BESS_barra33;33;87,51;147.55;BESS_fixo
25;ceu_aberto;Storage;BESS_barra7;7;78,64;232.7;BESS_fixo
25;ceu_aberto;Storage;BESS_barra2;2;119,08;196.81;BESS_fixo
25;ceu_aberto;Storage;BESS_barra14;14;126,08;189.44;BESS_fixo
25;ceu_aberto;Storage;BESS_barra3;3;244,91;478.8;BESS_fixo
25;ceu_aberto;Storage;BESS_barra34;34;249,1;282.71;BESS_fixo
25;ceu_aberto;Storage;BESS_barra6;6;105,49;367.56;BESS_fixo
25;ceu_aberto;Storage;BESS_barra21;21;50,18;325.88;BESS_fixo
26;ceu_aberto;PVSystem;PV_barra9;9;150,0;;PV_irr_real26
26;ceu_aberto;PVSystem;PV_barra13;13;900,0;;PV_irr_real26
26;ceu_aberto;PVSystem;PV_barra28;28;100,0;;PV_irr_real26
26;ceu_aberto;PVSystem;PV_barra4;4;400,0;;PV_irr_real26
26;ceu_aberto;PVSystem;PV_barra3;3;100,0;;PV_irr_real26
26;ceu_aberto;PVSystem;PV_barra7;7;295,9;;PV_irr_real26
26;ceu_aberto;Storage;BESS_barra19;19;66,72;456.81;BESS_fixo
26;ceu_aberto;Storage;BESS_barra27;27;231,44;458.37;BESS_fixo
26;ceu_aberto;Storage;BESS_barra34;34;138,73;256.41;BESS_fixo
26;ceu_aberto;Storage;BESS_barra18;18;110,24;472.67;BESS_fixo
26;ceu_aberto;Storage;BESS_barra12;12;69,87;499.4;BESS_fixo
26;ceu_aberto;Storage;BESS_barra17;17;59,79;394.92;BESS_fixo
26;ceu_aberto;Storage;BESS_barra5;5;200,51;224.54;BESS_fixo
26;ceu_aberto;Storage;BESS_barra15;15;213,17;181.36;BESS_fixo
26;ceu_aberto;Storage;BESS_barra25;25;192,84;390.83;BESS_fixo
26;ceu_aberto;Storage;BESS_barra1;1;74,95;404.91;BESS_fixo
26;ceu_aberto;Storage;BESS_barra21;21;235,51;250.03;BESS_fixo
26;ceu_aberto;Storage;BESS_barra14;14;158,41;188.9;BESS_fixo
26;ceu_aberto;Storage;BESS_barra10;10;183,06;444.73;BESS_fixo
26;ceu_aberto;Storage;BESS_barra8;8;222,45;194.81;BESS_fixo
26;ceu_aberto;Storage;BESS_barra11;11;94,31;256.87;BESS_fixo
26;ceu_aberto;Storage;BESS_barra31;31;186,87;416.95;BESS_fixo
26;ceu_aberto;Storage;BESS_barra22;22;76,82;456.11;BESS_fixo
26;ceu_aberto;Storage;BESS_barra33;33;222,32;223.57;BESS_fixo
26;ceu_aberto;Storage;BESS_barra23;23;129,05;102.12;BESS_fixo
26;ceu_aberto;Storage;BESS_barra24;24;54,51;315.96;BESS_fixo
26;ceu_aberto;Storage;BESS_barra30;30;138,99;399.37;BESS_fixo
26;ceu_aberto;Storage;BESS_barra2;2;100,06;349.44;BESS_fixo
27;parcialmente_nublado;PVSystem;PV_barra6;6;400,0;;PV_irr_real27
27;parcialmente_nublado;PVSystem;PV_barra29;29;900,0;;PV_irr_real27
27;parcialmente_nublado;PVSystem;PV_barra32;32;250,0;;PV_irr_real27
27;parcialmente_nublado;PVSystem;PV_barra3;3;150,0;;PV_irr_real27
27;parcialmente_nublado;PVSystem;PV_barra20;20;150,0;;PV_irr_real27
27;parcialmente_nublado;PVSystem;PV_barra8;8;95,9;;PV_irr_real27
27;parcialmente_nublado;Storage;BESS_barra22;22;107,71;395.59;BESS_fixo
27;parcialmente_nublado;Storage;BESS_barra13;13;96,53;246.91;BESS_fixo
27;parcialmente_nublado;Storage;BESS_barra17;17;159,21;230.63;BESS_fixo
27;parcialmente_nublado;Storage;BESS_barra9;9;161,36;223.97;BESS_fixo
27;parcialmente_nublado;Storage;BESS_barra25;25;83,07;440.43;BESS_fixo
27;parcialmente_nublado;Storage;BESS_barra18;18;229,7;392.22;BESS_fixo
27;parcialmente_nublado;Storage;BESS_barra34;34;83,18;197.45;BESS_fixo
27;parcialmente_nublado;Storage;BESS_barra21;21;70,84;457.09;BESS_fixo
27;parcialmente_nublado;Storage;BESS_barra10;10;142,91;370.38;BESS_fixo
27;parcialmente_nublado;Storage;BESS_barra15;15;187,29;295.33;BESS_fixo
27;parcialmente_nublado;Storage;BESS_barra5;5;61,03;222.16;BESS_fixo
27;parcialmente_nublado;Storage;BESS_barra23;23;198,37;459.22;BESS_fixo
27;parcialmente_nublado;Storage;BESS_barra12;12;100,55;183.5;BESS_fixo
27;parcialmente_nublado;Storage;BESS_barra26;26;210,65;174.52;BESS_fixo
27;parcialmente_nublado;Storage;BESS_barra11;11;56,5;309.12;BESS_fixo
27;parcialmente_nublado;Storage;BESS_barra1;1;164,83;108.33;BESS_fixo
27;parcialmente_nublado;Storage;BESS_barra33;33;104,28;231.64;BESS_fixo
27;parcialmente_nublado;Storage;BESS_barra2;2;153,41;479.01;BESS_fixo
27;parcialmente_nublado;Storage;BESS_barra19;19;174,94;106.29;BESS_fixo
27;parcialmente_nublado;Storage;BESS_barra30;30;118,62;267.94;BESS_fixo
27;parcialmente_nublado;Storage;BESS_barra24;24;225,65;144.85;BESS_fixo
27;parcialmente_nublado;Storage;BESS_barra28;28;101,3;402.17;BESS_fixo
28;parcialmente_nublado;PVSystem;PV_barra8;8;550,0;;PV_irr_real28
28;parcialmente_nublado;PVSystem;PV_barra6;6;50,0;;PV_irr_real28
28;parcialmente_nublado;PVSystem;PV_barra19;19;650,0;;PV_irr_real28
28;parcialmente_nublado;PVSystem;PV_barra26;26;450,0;;PV_irr_real28
28;parcialmente_nublado;PVSystem;PV_barra22;22;245,9;;PV_irr_real28
28;parcialmente_nublado;Storage;BESS_barra18;18;171,19;441.69;BESS_fixo
28;parcialmente_nublado;Storage;BESS_barra34;34;190,92;167.57;BESS_fixo
28;parcialmente_nublado;Storage;BESS_barra9;9;238,01;449.62;BESS_fixo
28;parcialmente_nublado;Storage;BESS_barra27;27;112,97;459.96;BESS_fixo
28;parcialmente_nublado;Storage;BESS_barra31;31;111,28;494.78;BESS_fixo
28;parcialmente_nublado;Storage;BESS_barra28;28;53,39;426.88;BESS_fixo
28;parcialmente_nublado;Storage;BESS_barra21;21;221,23;457.65;BESS_fixo
28;parcialmente_nublado;Storage;BESS_barra24;24;200,44;388.91;BESS_fixo
28;parcialmente_nublado;Storage;BESS_barra32;32;231,37;259.52;BESS_fixo
28;parcialmente_nublado;Storage;BESS_barra13;13;197,85;405.98;BESS_fixo
28;parcialmente_nublado;Storage;BESS_barra14;14;54,41;374.15;BESS_fixo
28;parcialmente_nublado;Storage;BESS_barra15;15;161,99;257.15;BESS_fixo
28;parcialmente_nublado;Storage;BESS_barra5;5;154,0;455.83;BESS_fixo
28;parcialmente_nublado;Storage;BESS_barra30;30;246,8;428.41;BESS_fixo
28;parcialmente_nublado;Storage;BESS_barra1;1;126,69;256.06;BESS_fixo
28;parcialmente_nublado;Storage;BESS_barra25;25;171,64;274.83;BESS_fixo
28;parcialmente_nublado;Storage;BESS_barra23;23;213,52;228.5;BESS_fixo
28;parcialmente_nublado;Storage;BESS_barra2;2;147,41;467.12;BESS_fixo
28;parcialmente_nublado;Storage;BESS_barra3;3;228,06;341.32;BESS_fixo
28;parcialmente_nublado;Storage;BESS_barra4;4;213,44;422.74;BESS_fixo
28;parcialmente_nublado;Storage;BESS_barra16;16;125,46;153.33;BESS_fixo
28;parcialmente_nublado;Storage;BESS_barra10;10;209,17;142.53;BESS_fixo
29;parcialmente_nublado;PVSystem;PV_barra20;20;600,0;;PV_irr_real29
29;parcialmente_nublado;PVSystem;PV_barra2;2;200,0;;PV_irr_real29
29;parcialmente_nublado;PVSystem;PV_barra22;22;150,0;;PV_irr_real29
29;parcialmente_nublado;PVSystem;PV_barra5;5;650,0;;PV_irr_real29
29;parcialmente_nublado;PVSystem;PV_barra12;12;200,0;;PV_irr_real29
29;parcialmente_nublado;PVSystem;PV_barra30;30;50,0;;PV_irr_real29
29;parcialmente_nublado;PVSystem;PV_barra11;11;95,9;;PV_irr_real29
29;parcialmente_nublado;Storage;BESS_barra23;23;147,67;285.48;BESS_fixo
29;parcialmente_nublado;Storage;BESS_barra8;8;220,9;235.36;BESS_fixo
29;parcialmente_nublado;Storage;BESS_barra25;25;167,3;420.72;BESS_fixo
29;parcialmente_nublado;Storage;BESS_barra6;6;151,4;140.14;BESS_fixo
29;parcialmente_nublado;Storage;BESS_barra18;18;111,41;379.13;BESS_fixo
29;parcialmente_nublado;Storage;BESS_barra28;28;226,62;453.66;BESS_fixo
29;parcialmente_nublado;Storage;BESS_barra15;15;158,95;381.05;BESS_fixo
29;parcialmente_nublado;Storage;BESS_barra19;19;165,19;139.93;BESS_fixo
29;parcialmente_nublado;Storage;BESS_barra29;29;222,31;496.55;BESS_fixo
29;parcialmente_nublado;Storage;BESS_barra33;33;123,64;316.68;BESS_fixo
29;parcialmente_nublado;Storage;BESS_barra27;27;168,51;191.24;BESS_fixo
29;parcialmente_nublado;Storage;BESS_barra7;7;130,12;335.98;BESS_fixo
29;parcialmente_nublado;Storage;BESS_barra21;21;81,83;222.8;BESS_fixo
29;parcialmente_nublado;Storage;BESS_barra3;3;249,05;375.45;BESS_fixo
29;parcialmente_nublado;Storage;BESS_barra14;14;85,78;361.56;BESS_fixo
29;parcialmente_nublado;Storage;BESS_barra1;1;79,1;334.52;BESS_fixo
29;parcialmente_nublado;Storage;BESS_barra24;24;196,84;347.93;BESS_fixo
29;parcialmente_nublado;Storage;BESS_barra13;13;151,48;325.66;BESS_fixo
29;parcialmente_nublado;Storage;BESS_barra31;31;186,21;125.88;BESS_fixo
29;parcialmente_nublado;Storage;BESS_barra16;16;249,07;206.04;BESS_fixo
29;parcialmente_nublado;Storage;BESS_barra9;9;150,0;302.99;BESS_fixo
29;parcialmente_nublado;Storage;BESS_barra4;4;98,55;109.32;BESS_fixo
30;nublado;PVSystem;PV_barra25;25;150,0;;PV_irr_real30
30;nublado;PVSystem;PV_barra1;1;300,0;;PV_irr_real30
30;nublado;PVSystem;PV_barra2;2;700,0;;PV_irr_real30
30;nublado;PVSystem;PV_barra14;14;200,0;;PV_irr_real30
30;nublado;PVSystem;PV_barra33;33;595,9;;PV_irr_real30
30;nublado;Storage;BESS_barra34;34;225,81;407.15;BESS_fixo
30;nublado;Storage;BESS_barra22;22;84,49;149.64;BESS_fixo
30;nublado;Storage;BESS_barra13;13;121,07;350.22;BESS_fixo
30;nublado;Storage;BESS_barra15;15;210,46;216.75;BESS_fixo
30;nublado;Storage;BESS_barra7;7;78,83;462.57;BESS_fixo
30;nublado;Storage;BESS_barra3;3;249,36;304.25;BESS_fixo
30;nublado;Storage;BESS_barra20;20;58,99;468.6;BESS_fixo
30;nublado;Storage;BESS_barra23;23;54,79;259.82;BESS_fixo
30;nublado;Storage;BESS_barra9;9;249,7;483.55;BESS_fixo
30;nublado;Storage;BESS_barra29;29;149,04;495.3;BESS_fixo
30;nublado;Storage;BESS_barra24;24;219,29;142.23;BESS_fixo
30;nublado;Storage;BESS_barra26;26;201,46;139.47;BESS_fixo
30;nublado;Storage;BESS_barra18;18;114,11;488.15;BESS_fixo
30;nublado;Storage;BESS_barra12;12;194,04;275.74;BESS_fixo
30;nublado;Storage;BESS_barra19;19;230,63;266.48;BESS_fixo
30;nublado;Storage;BESS_barra31;31;130,62;432.08;BESS_fixo
30;nublado;Storage;BESS_barra16;16;60,8;372.57;BESS_fixo
30;nublado;Storage;BESS_barra21;21;112,42;257.77;BESS_fixo
30;nublado;Storage;BESS_barra4;4;164,76;188.17;BESS_fixo
30;nublado;Storage;BESS_barra10;10;206,09;484.42;BESS_fixo
30;nublado;Storage;BESS_barra17;17;78,36;424.05;BESS_fixo
30;nublado;Storage;BESS_barra27;27;78,62;448.03;BESS_fixo
31;parcialmente_nublado;PVSystem;PV_barra11;11;300,0;;PV_irr_real31
31;parcialmente_nublado;PVSystem;PV_barra26;26;100,0;;PV_irr_real31
31;parcialmente_nublado;PVSystem;PV_barra31;31;1000,0;;PV_irr_real31
31;parcialmente_nublado;PVSystem;PV_barra16;16;300,0;;PV_irr_real31
31;parcialmente_nublado;PVSystem;PV_barra6;6;150,0;;PV_irr_real31
31;parcialmente_nublado;PVSystem;PV_barra4;4;95,9;;PV_irr_real31
31;parcialmente_nublado;Storage;BESS_barra34;34;130,96;352.82;BESS_fixo
31;parcialmente_nublado;Storage;BESS_barra15;15;58,62;485.78;BESS_fixo
31;parcialmente_nublado;Storage;BESS_barra14;14;80,99;444.19;BESS_fixo
31;parcialmente_nublado;Storage;BESS_barra3;3;179,56;126.84;BESS_fixo
31;parcialmente_nublado;Storage;BESS_barra9;9;152,22;439.93;BESS_fixo
31;parcialmente_nublado;Storage;BESS_barra28;28;208,15;396.4;BESS_fixo
31;parcialmente_nublado;Storage;BESS_barra27;27;191,81;496.7;BESS_fixo
31;parcialmente_nublado;Storage;BESS_barra7;7;212,78;492.97;BESS_fixo
31;parcialmente_nublado;Storage;BESS_barra20;20;84,23;190.43;BESS_fixo
31;parcialmente_nublado;Storage;BESS_barra24;24;235,48;394.43;BESS_fixo
31;parcialmente_nublado;Storage;BESS_barra30;30;122,88;263.58;BESS_fixo
31;parcialmente_nublado;Storage;BESS_barra33;33;172,54;167.06;BESS_fixo
31;parcialmente_nublado;Storage;BESS_barra19;19;53,13;267.19;BESS_fixo
31;parcialmente_nublado;Storage;BESS_barra18;18;191,74;259.79;BESS_fixo
31;parcialmente_nublado;Storage;BESS_barra10;10;228,7;457.09;BESS_fixo
31;parcialmente_nublado;Storage;BESS_barra32;32;148,61;338.85;BESS_fixo
31;parcialmente_nublado;Storage;BESS_barra29;29;193,53;376.05;BESS_fixo
31;parcialmente_nublado;Storage;BESS_barra5;5;212,89;275.05;BESS_fixo
31;parcialmente_nublado;Storage;BESS_barra21;21;174,64;481.59;BESS_fixo
31;parcialmente_nublado;Storage;BESS_barra12;12;240,58;180.1;BESS_fixo
31;parcialmente_nublado;Storage;BESS_barra17;17;247,57;295.32;BESS_fixo
31;parcialmente_nublado;Storage;BESS_barra1;1;138,66;241.92;BESS_fixo
32;nublado;PVSystem;PV_barra24;24;100,0;;PV_irr_real32
32;nublado;PVSystem;PV_barra6;6;550,0;;PV_irr_real32
32;nublado;PVSystem;PV_barra12;12;250,0;;PV_irr_real32
32;nublado;PVSystem;PV_barra34;34;300,0;;PV_irr_real32
32;nublado;PVSystem;PV_barra13;13;150,0;;PV_irr_real32
32;nublado;PVSystem;PV_barra20;20;350,0;;PV_irr_real32
32;nublado;PVSystem;PV_barra23;23;50,0;;PV_irr_real32
32;nublado;PVSystem;PV_barra15;15;195,9;;PV_irr_real32
32;nublado;Storage;BESS_barra33;33;74,3;156.45;BESS_fixo
32;nublado;Storage;BESS_barra21;21;121,78;429.86;BESS_fixo
32;nublado;Storage;BESS_barra22;22;106,25;310.01;BESS_fixo
32;nublado;Storage;BESS_barra2;2;50,78;476.31;BESS_fixo
32;nublado;Storage;BESS_barra17;17;215,44;261.57;BESS_fixo
32;nublado;Storage;BESS_barra27;27;75,13;280.37;BESS_fixo
32;nublado;Storage;BESS_barra14;14;54,13;433.11;BESS_fixo
32;nublado;Storage;BESS_barra29;29;161,61;361.53;BESS_fixo
32;nublado;Storage;BESS_barra19;19;205,12;418.36;BESS_fixo
32;nublado;Storage;BESS_barra32;32;183,74;225.0;BESS_fixo
32;nublado;Storage;BESS_barra7;7;128,39;345.16;BESS_fixo
32;nublado;Storage;BESS_barra9;9;187,69;262.03;BESS_fixo
32;nublado;Storage;BESS_barra11;11;207,65;375.46;BESS_fixo
32;nublado;Storage;BESS_barra28;28;189,45;421.88;BESS_fixo
32;nublado;Storage;BESS_barra1;1;139,66;336.06;BESS_fixo
32;nublado;Storage;BESS_barra3;3;229,0;409.3;BESS_fixo
32;nublado;Storage;BESS_barra5;5;232,79;117.7;BESS_fixo
32;nublado;Storage;BESS_barra18;18;111,62;361.9;BESS_fixo
32;nublado;Storage;BESS_barra26;26;217,32;477.25;BESS_fixo
32;nublado;Storage;BESS_barra10;10;53,69;415.53;BESS_fixo
32;nublado;Storage;BESS_barra25;25;153,61;408.11;BESS_fixo
32;nublado;Storage;BESS_barra16;16;164,92;406.98;BESS_fixo
33;ceu_aberto;PVSystem;PV_barra13;13;550,0;;PV_irr_real33
33;ceu_aberto;PVSystem;PV_barra15;15;100,0;;PV_irr_real33
33;ceu_aberto;PVSystem;PV_barra16;16;500,0;;PV_irr_real33
33;ceu_aberto;PVSystem;PV_barra31;31;795,9;;PV_irr_real33
33;ceu_aberto;Storage;BESS_barra29;29;84,79;101.34;BESS_fixo
33;ceu_aberto;Storage;BESS_barra30;30;227,58;278.91;BESS_fixo
33;ceu_aberto;Storage;BESS_barra6;6;111,69;450.75;BESS_fixo
33;ceu_aberto;Storage;BESS_barra8;8;97,29;153.66;BESS_fixo
33;ceu_aberto;Storage;BESS_barra7;7;142,13;339.63;BESS_fixo
33;ceu_aberto;Storage;BESS_barra5;5;230,64;461.49;BESS_fixo
33;ceu_aberto;Storage;BESS_barra26;26;233,88;282.69;BESS_fixo
33;ceu_aberto;Storage;BESS_barra14;14;174,54;322.74;BESS_fixo
33;ceu_aberto;Storage;BESS_barra23;23;113,46;124.47;BESS_fixo
33;ceu_aberto;Storage;BESS_barra10;10;57,84;130.09;BESS_fixo
33;ceu_aberto;Storage;BESS_barra12;12;140,69;290.94;BESS_fixo
33;ceu_aberto;Storage;BESS_barra25;25;167,42;410.9;BESS_fixo
33;ceu_aberto;Storage;BESS_barra28;28;198,19;174.15;BESS_fixo
33;ceu_aberto;Storage;BESS_barra1;1;160,57;139.21;BESS_fixo
33;ceu_aberto;Storage;BESS_barra27;27;122,89;476.19;BESS_fixo
33;ceu_aberto;Storage;BESS_barra33;33;219,67;390.61;BESS_fixo
33;ceu_aberto;Storage;BESS_barra9;9;165,53;471.84;BESS_fixo
33;ceu_aberto;Storage;BESS_barra20;20;108,63;443.62;BESS_fixo
33;ceu_aberto;Storage;BESS_barra3;3;202,21;308.55;BESS_fixo
33;ceu_aberto;Storage;BESS_barra4;4;157,16;372.49;BESS_fixo
33;ceu_aberto;Storage;BESS_barra18;18;197,33;201.04;BESS_fixo
33;ceu_aberto;Storage;BESS_barra24;24;101,58;260.96;BESS_fixo
34;nublado;PVSystem;PV_barra13;13;600,0;;PV_irr_real34
34;nublado;PVSystem;PV_barra33;33;300,0;;PV_irr_real34
34;nublado;PVSystem;PV_barra22;22;450,0;;PV_irr_real34
34;nublado;PVSystem;PV_barra12;12;595,9;;PV_irr_real34
34;nublado;Storage;BESS_barra14;14;164,11;292.78;BESS_fixo
34;nublado;Storage;BESS_barra15;15;74,31;393.47;BESS_fixo
34;nublado;Storage;BESS_barra10;10;115,92;200.04;BESS_fixo
34;nublado;Storage;BESS_barra6;6;60,29;143.73;BESS_fixo
34;nublado;Storage;BESS_barra7;7;91,57;370.51;BESS_fixo
34;nublado;Storage;BESS_barra24;24;229,58;401.1;BESS_fixo
34;nublado;Storage;BESS_barra32;32;130,74;211.6;BESS_fixo
34;nublado;Storage;BESS_barra21;21;193,6;358.98;BESS_fixo
34;nublado;Storage;BESS_barra28;28;110,88;301.54;BESS_fixo
34;nublado;Storage;BESS_barra8;8;76,15;213.73;BESS_fixo
34;nublado;Storage;BESS_barra1;1;137,56;404.42;BESS_fixo
34;nublado;Storage;BESS_barra26;26;160,74;380.88;BESS_fixo
34;nublado;Storage;BESS_barra3;3;179,25;348.04;BESS_fixo
34;nublado;Storage;BESS_barra2;2;107,01;189.44;BESS_fixo
34;nublado;Storage;BESS_barra27;27;64,59;330.08;BESS_fixo
34;nublado;Storage;BESS_barra19;19;164,2;134.32;BESS_fixo
34;nublado;Storage;BESS_barra4;4;180,01;439.76;BESS_fixo
34;nublado;Storage;BESS_barra25;25;115,22;223.44;BESS_fixo
34;nublado;Storage;BESS_barra17;17;166,5;121.98;BESS_fixo
34;nublado;Storage;BESS_barra5;5;60,83;351.07;BESS_fixo
34;nublado;Storage;BESS_barra31;31;98,92;185.95;BESS_fixo
34;nublado;Storage;BESS_barra29;29;240,68;374.03;BESS_fixo
35;ceu_aberto;PVSystem;PV_barra11;11;250,0;;PV_irr_real35
35;ceu_aberto;PVSystem;PV_barra8;8;600,0;;PV_irr_real35
35;ceu_aberto;PVSystem;PV_barra26;26;150,0;;PV_irr_real35
35;ceu_aberto;PVSystem;PV_barra31;31;600,0;;PV_irr_real35
35;ceu_aberto;PVSystem;PV_barra22;22;345,9;;PV_irr_real35
35;ceu_aberto;Storage;BESS_barra32;32;55,71;355.47;BESS_fixo
35;ceu_aberto;Storage;BESS_barra23;23;244,59;428.22;BESS_fixo
35;ceu_aberto;Storage;BESS_barra25;25;74,71;123.92;BESS_fixo
35;ceu_aberto;Storage;BESS_barra24;24;194,62;201.2;BESS_fixo
35;ceu_aberto;Storage;BESS_barra1;1;107,39;237.18;BESS_fixo
35;ceu_aberto;Storage;BESS_barra3;3;88,67;389.67;BESS_fixo
35;ceu_aberto;Storage;BESS_barra2;2;190,07;406.2;BESS_fixo
35;ceu_aberto;Storage;BESS_barra17;17;166,84;298.09;BESS_fixo
35;ceu_aberto;Storage;BESS_barra34;34;152,58;310.16;BESS_fixo
35;ceu_aberto;Storage;BESS_barra15;15;118,81;234.68;BESS_fixo
35;ceu_aberto;Storage;BESS_barra16;16;187,8;373.71;BESS_fixo
35;ceu_aberto;Storage;BESS_barra19;19;158,66;419.94;BESS_fixo
35;ceu_aberto;Storage;BESS_barra14;14;160,33;101.21;BESS_fixo
35;ceu_aberto;Storage;BESS_barra10;10;104,66;408.88;BESS_fixo
35;ceu_aberto;Storage;BESS_barra9;9;207,08;399.11;BESS_fixo
35;ceu_aberto;Storage;BESS_barra6;6;237,07;325.46;BESS_fixo
35;ceu_aberto;Storage;BESS_barra20;20;153,0;260.34;BESS_fixo
35;ceu_aberto;Storage;BESS_barra21;21;81,29;216.24;BESS_fixo
35;ceu_aberto;Storage;BESS_barra12;12;241,29;164.22;BESS_fixo
35;ceu_aberto;Storage;BESS_barra18;18;167,27;301.62;BESS_fixo
35;ceu_aberto;Storage;BESS_barra30;30;71,51;381.42;BESS_fixo
35;ceu_aberto;Storage;BESS_barra29;29;160,57;378.31;BESS_fixo
36;nublado;PVSystem;PV_barra7;7;650,0;;PV_irr_real36
36;nublado;PVSystem;PV_barra6;6;200,0;;PV_irr_real36
36;nublado;PVSystem;PV_barra21;21;150,0;;PV_irr_real36
36;nublado;PVSystem;PV_barra10;10;350,0;;PV_irr_real36
36;nublado;PVSystem;PV_barra25;25;100,0;;PV_irr_real36
36;nublado;PVSystem;PV_barra12;12;495,9;;PV_irr_real36
36;nublado;Storage;BESS_barra17;17;157,92;374.37;BESS_fixo
36;nublado;Storage;BESS_barra1;1;220,47;175.96;BESS_fixo
36;nublado;Storage;BESS_barra4;4;183,7;431.65;BESS_fixo
36;nublado;Storage;BESS_barra13;13;237,62;438.74;BESS_fixo
36;nublado;Storage;BESS_barra5;5;207,64;438.35;BESS_fixo
36;nublado;Storage;BESS_barra24;24;235,59;193.64;BESS_fixo
36;nublado;Storage;BESS_barra31;31;96,9;422.97;BESS_fixo
36;nublado;Storage;BESS_barra20;20;170,05;120.18;BESS_fixo
36;nublado;Storage;BESS_barra30;30;78,91;387.8;BESS_fixo
36;nublado;Storage;BESS_barra18;18;213,08;390.27;BESS_fixo
36;nublado;Storage;BESS_barra26;26;122,57;244.16;BESS_fixo
36;nublado;Storage;BESS_barra29;29;130,68;343.0;BESS_fixo
36;nublado;Storage;BESS_barra11;11;216,22;268.11;BESS_fixo
36;nublado;Storage;BESS_barra8;8;235,57;234.09;BESS_fixo
36;nublado;Storage;BESS_barra33;33;249,45;333.52;BESS_fixo
36;nublado;Storage;BESS_barra27;27;79,77;420.88;BESS_fixo
36;nublado;Storage;BESS_barra3;3;134,51;136.77;BESS_fixo
36;nublado;Storage;BESS_barra28;28;91,18;136.04;BESS_fixo
36;nublado;Storage;BESS_barra2;2;208,64;114.27;BESS_fixo
36;nublado;Storage;BESS_barra16;16;241,4;302.96;BESS_fixo
36;nublado;Storage;BESS_barra15;15;192,11;108.23;BESS_fixo
36;nublado;Storage;BESS_barra14;14;241,31;264.91;BESS_fixo
37;ceu_aberto;PVSystem;PV_barra11;11;900,0;;PV_irr_real37
37;ceu_aberto;PVSystem;PV_barra33;33;500,0;;PV_irr_real37
37;ceu_aberto;PVSystem;PV_barra8;8;100,0;;PV_irr_real37
37;ceu_aberto;PVSystem;PV_barra3;3;350,0;;PV_irr_real37
37;ceu_aberto;PVSystem;PV_barra2;2;95,9;;PV_irr_real37
37;ceu_aberto;Storage;BESS_barra25;25;206,27;356.87;BESS_fixo
37;ceu_aberto;Storage;BESS_barra23;23;73,21;451.85;BESS_fixo
37;ceu_aberto;Storage;BESS_barra16;16;53,27;115.76;BESS_fixo
37;ceu_aberto;Storage;BESS_barra18;18;61,67;306.23;BESS_fixo
37;ceu_aberto;Storage;BESS_barra29;29;169,39;257.54;BESS_fixo
37;ceu_aberto;Storage;BESS_barra27;27;212,62;115.79;BESS_fixo
37;ceu_aberto;Storage;BESS_barra6;6;87,43;274.48;BESS_fixo
37;ceu_aberto;Storage;BESS_barra9;9;139,32;439.36;BESS_fixo
37;ceu_aberto;Storage;BESS_barra5;5;66,38;252.61;BESS_fixo
37;ceu_aberto;Storage;BESS_barra21;21;57,71;221.15;BESS_fixo
37;ceu_aberto;Storage;BESS_barra32;32;106,16;389.36;BESS_fixo
37;ceu_aberto;Storage;BESS_barra34;34;94,69;258.61;BESS_fixo
37;ceu_aberto;Storage;BESS_barra1;1;195,9;307.06;BESS_fixo
37;ceu_aberto;Storage;BESS_barra17;17;175,44;284.04;BESS_fixo
37;ceu_aberto;Storage;BESS_barra12;12;208,8;126.68;BESS_fixo
37;ceu_aberto;Storage;BESS_barra4;4;198,78;150.38;BESS_fixo
37;ceu_aberto;Storage;BESS_barra24;24;97,38;460.67;BESS_fixo
37;ceu_aberto;Storage;BESS_barra10;10;85,01;381.34;BESS_fixo
37;ceu_aberto;Storage;BESS_barra14;14;107,25;363.64;BESS_fixo
37;ceu_aberto;Storage;BESS_barra19;19;58,98;317.81;BESS_fixo
37;ceu_aberto;Storage;BESS_barra13;13;174,68;314.17;BESS_fixo
37;ceu_aberto;Storage;BESS_barra30;30;156,3;140.76;BESS_fixo
38;parcialmente_nublado;PVSystem;PV_barra7;7;200,0;;PV_irr_real38
38;parcialmente_nublado;PVSystem;PV_barra32;32;150,0;;PV_irr_real38
38;parcialmente_nublado;PVSystem;PV_barra24;24;250,0;;PV_irr_real38
38;parcialmente_nublado;PVSystem;PV_barra23;23;700,0;;PV_irr_real38
38;parcialmente_nublado;PVSystem;PV_barra2;2;200,0;;PV_irr_real38
38;parcialmente_nublado;PVSystem;PV_barra16;16;100,0;;PV_irr_real38
38;parcialmente_nublado;PVSystem;PV_barra9;9;345,9;;PV_irr_real38
38;parcialmente_nublado;Storage;BESS_barra30;30;66,22;392.41;BESS_fixo
38;parcialmente_nublado;Storage;BESS_barra29;29;228,37;379.55;BESS_fixo
38;parcialmente_nublado;Storage;BESS_barra20;20;83,46;375.3;BESS_fixo
38;parcialmente_nublado;Storage;BESS_barra34;34;73,37;210.26;BESS_fixo
38;parcialmente_nublado;Storage;BESS_barra26;26;118,6;475.47;BESS_fixo
38;parcialmente_nublado;Storage;BESS_barra18;18;176,34;382.67;BESS_fixo
38;parcialmente_nublado;Storage;BESS_barra22;22;219,34;341.02;BESS_fixo
38;parcialmente_nublado;Storage;BESS_barra1;1;73,67;355.41;BESS_fixo
38;parcialmente_nublado;Storage;BESS_barra25;25;194,11;458.9;BESS_fixo
38;parcialmente_nublado;Storage;BESS_barra31;31;178,28;375.32;BESS_fixo
38;parcialmente_nublado;Storage;BESS_barra10;10;60,82;301.44;BESS_fixo
38;parcialmente_nublado;Storage;BESS_barra3;3;182,15;478.7;BESS_fixo
38;parcialmente_nublado;Storage;BESS_barra33;33;132,86;283.79;BESS_fixo
38;parcialmente_nublado;Storage;BESS_barra15;15;62,99;193.68;BESS_fixo
38;parcialmente_nublado;Storage;BESS_barra21;21;130,97;467.81;BESS_fixo
38;parcialmente_nublado;Storage;BESS_barra17;17;142,89;254.51;BESS_fixo
38;parcialmente_nublado;Storage;BESS_barra8;8;139,96;206.06;BESS_fixo
38;parcialmente_nublado;Storage;BESS_barra14;14;226,77;207.16;BESS_fixo
38;parcialmente_nublado;Storage;BESS_barra27;27;50,75;236.41;BESS_fixo
38;parcialmente_nublado;Storage;BESS_barra4;4;168,16;434.53;BESS_fixo
38;parcialmente_nublado;Storage;BESS_barra5;5;157,76;367.19;BESS_fixo
38;parcialmente_nublado;Storage;BESS_barra6;6;85,39;366.01;BESS_fixo
39;nublado;PVSystem;PV_barra5;5;200,0;;PV_irr_real39
39;nublado;PVSystem;PV_barra1;1;650,0;;PV_irr_real39
39;nublado;PVSystem;PV_barra8;8;450,0;;PV_irr_real39
39;nublado;PVSystem;PV_barra9;9;150,0;;PV_irr_real39
39;nublado;PVSystem;PV_barra33;33;350,0;;PV_irr_real39
39;nublado;PVSystem;PV_barra25;25;145,9;;PV_irr_real39
39;nublado;Storage;BESS_barra2;2;56,51;413.9;BESS_fixo
39;nublado;Storage;BESS_barra20;20;105,09;255.27;BESS_fixo
39;nublado;Storage;BESS_barra26;26;188,7;312.57;BESS_fixo
39;nublado;Storage;BESS_barra32;32;110,68;273.28;BESS_fixo
39;nublado;Storage;BESS_barra34;34;219,23;293.59;BESS_fixo
39;nublado;Storage;BESS_barra12;12;66,65;260.86;BESS_fixo
39;nublado;Storage;BESS_barra15;15;90,91;289.2;BESS_fixo
39;nublado;Storage;BESS_barra28;28;89,12;348.25;BESS_fixo
39;nublado;Storage;BESS_barra19;19;203,3;226.36;BESS_fixo
39;nublado;Storage;BESS_barra27;27;76,49;177.38;BESS_fixo
39;nublado;Storage;BESS_barra24;24;219,52;313.15;BESS_fixo
39;nublado;Storage;BESS_barra22;22;243,16;471.59;BESS_fixo
39;nublado;Storage;BESS_barra3;3;116,14;406.82;BESS_fixo
39;nublado;Storage;BESS_barra7;7;167,69;204.63;BESS_fixo
39;nublado;Storage;BESS_barra16;16;165,61;208.5;BESS_fixo
39;nublado;Storage;BESS_barra13;13;198,82;251.11;BESS_fixo
39;nublado;Storage;BESS_barra10;10;246,0;342.58;BESS_fixo
39;nublado;Storage;BESS_barra11;11;238,05;268.97;BESS_fixo
39;nublado;Storage;BESS_barra4;4;55,99;343.28;BESS_fixo
39;nublado;Storage;BESS_barra18;18;166,69;119.34;BESS_fixo
39;nublado;Storage;BESS_barra14;14;217,79;358.24;BESS_fixo
39;nublado;Storage;BESS_barra31;31;159,56;274.46;BESS_fixo
40;parcialmente_nublado;PVSystem;PV_barra15;15;600,0;;PV_irr_real40
40;parcialmente_nublado;PVSystem;PV_barra12;12;1000,0;;PV_irr_real40
40;parcialmente_nublado;PVSystem;PV_barra23;23;100,0;;PV_irr_real40
40;parcialmente_nublado;PVSystem;PV_barra6;6;245,9;;PV_irr_real40
40;parcialmente_nublado;Storage;BESS_barra5;5;104,55;445.92;BESS_fixo
40;parcialmente_nublado;Storage;BESS_barra34;34;239,16;310.9;BESS_fixo
40;parcialmente_nublado;Storage;BESS_barra21;21;143,53;177.69;BESS_fixo
40;parcialmente_nublado;Storage;BESS_barra3;3;83,67;141.98;BESS_fixo
40;parcialmente_nublado;Storage;BESS_barra20;20;162,36;476.55;BESS_fixo
40;parcialmente_nublado;Storage;BESS_barra19;19;89,4;233.79;BESS_fixo
40;parcialmente_nublado;Storage;BESS_barra29;29;207,22;160.52;BESS_fixo
40;parcialmente_nublado;Storage;BESS_barra32;32;121,23;122.63;BESS_fixo
40;parcialmente_nublado;Storage;BESS_barra14;14;243,12;101.41;BESS_fixo
40;parcialmente_nublado;Storage;BESS_barra16;16;132,65;390.63;BESS_fixo
40;parcialmente_nublado;Storage;BESS_barra2;2;75,47;269.35;BESS_fixo
40;parcialmente_nublado;Storage;BESS_barra1;1;79,68;113.7;BESS_fixo
40;parcialmente_nublado;Storage;BESS_barra11;11;71,37;422.37;BESS_fixo
40;parcialmente_nublado;Storage;BESS_barra26;26;78,19;234.62;BESS_fixo
40;parcialmente_nublado;Storage;BESS_barra24;24;196,3;465.51;BESS_fixo
40;parcialmente_nublado;Storage;BESS_barra8;8;157,32;162.06;BESS_fixo
40;parcialmente_nublado;Storage;BESS_barra27;27;121,94;384.88;BESS_fixo
40;parcialmente_nublado;Storage;BESS_barra10;10;69,87;160.11;BESS_fixo
40;parcialmente_nublado;Storage;BESS_barra22;22;58,04;265.7;BESS_fixo
40;parcialmente_nublado;Storage;BESS_barra33;33;230,01;328.91;BESS_fixo
40;parcialmente_nublado;Storage;BESS_barra7;7;225,11;334.63;BESS_fixo
40;parcialmente_nublado;Storage;BESS_barra9;9;216,93;339.69;BESS_fixo
41;parcialmente_nublado;PVSystem;PV_barra22;22;400,0;;PV_irr_real41
41;parcialmente_nublado;PVSystem;PV_barra20;20;550,0;;PV_irr_real41
41;parcialmente_nublado;PVSystem;PV_barra28;28;200,0;;PV_irr_real41
41;parcialmente_nublado;PVSystem;PV_barra15;15;250,0;;PV_irr_real41
41;parcialmente_nublado;PVSystem;PV_barra6;6;150,0;;PV_irr_real41
41;parcialmente_nublado;PVSystem;PV_barra19;19;200,0;;PV_irr_real41
41;parcialmente_nublado;PVSystem;PV_barra30;30;50,0;;PV_irr_real41
41;parcialmente_nublado;PVSystem;PV_barra14;14;145,9;;PV_irr_real41
41;parcialmente_nublado;Storage;BESS_barra32;32;138,96;372.76;BESS_fixo
41;parcialmente_nublado;Storage;BESS_barra13;13;239,88;345.33;BESS_fixo
41;parcialmente_nublado;Storage;BESS_barra4;4;226,46;212.33;BESS_fixo
41;parcialmente_nublado;Storage;BESS_barra26;26;138,18;301.36;BESS_fixo
41;parcialmente_nublado;Storage;BESS_barra5;5;73,78;262.49;BESS_fixo
41;parcialmente_nublado;Storage;BESS_barra17;17;103,02;204.97;BESS_fixo
41;parcialmente_nublado;Storage;BESS_barra24;24;176,74;398.31;BESS_fixo
41;parcialmente_nublado;Storage;BESS_barra12;12;165,64;168.86;BESS_fixo
41;parcialmente_nublado;Storage;BESS_barra3;3;238,58;143.19;BESS_fixo
41;parcialmente_nublado;Storage;BESS_barra21;21;137,38;155.65;BESS_fixo
41;parcialmente_nublado;Storage;BESS_barra27;27;171,62;345.13;BESS_fixo
41;parcialmente_nublado;Storage;BESS_barra9;9;114,7;278.74;BESS_fixo
41;parcialmente_nublado;Storage;BESS_barra23;23;107,52;350.35;BESS_fixo
41;parcialmente_nublado;Storage;BESS_barra10;10;152,4;244.68;BESS_fixo
41;parcialmente_nublado;Storage;BESS_barra16;16;125,03;281.69;BESS_fixo
41;parcialmente_nublado;Storage;BESS_barra2;2;169,76;246.87;BESS_fixo
41;parcialmente_nublado;Storage;BESS_barra1;1;243,98;171.07;BESS_fixo
41;parcialmente_nublado;Storage;BESS_barra34;34;149,14;161.52;BESS_fixo
41;parcialmente_nublado;Storage;BESS_barra31;31;96,67;210.18;BESS_fixo
41;parcialmente_nublado;Storage;BESS_barra11;11;176,13;273.19;BESS_fixo
41;parcialmente_nublado;Storage;BESS_barra25;25;122,37;475.52;BESS_fixo
41;parcialmente_nublado;Storage;BESS_barra8;8;61,19;395.15;BESS_fixo
42;ceu_aberto;PVSystem;PV_barra28;28;800,0;;PV_irr_real42
42;ceu_aberto;PVSystem;PV_barra22;22;600,0;;PV_irr_real42
42;ceu_aberto;PVSystem;PV_barra19;19;150,0;;PV_irr_real42
42;ceu_aberto;PVSystem;PV_barra27;27;395,9;;PV_irr_real42
42;ceu_aberto;Storage;BESS_barra16;16;171,78;104.43;BESS_fixo
42;ceu_aberto;Storage;BESS_barra32;32;124,04;228.99;BESS_fixo
42;ceu_aberto;Storage;BESS_barra8;8;202,62;277.24;BESS_fixo
42;ceu_aberto;Storage;BESS_barra1;1;249,08;271.35;BESS_fixo
42;ceu_aberto;Storage;BESS_barra18;18;84,64;127.45;BESS_fixo
42;ceu_aberto;Storage;BESS_barra5;5;180,97;254.5;BESS_fixo
42;ceu_aberto;Storage;BESS_barra4;4;199,78;139.53;BESS_fixo
42;ceu_aberto;Storage;BESS_barra31;31;109,1;280.77;BESS_fixo
42;ceu_aberto;Storage;BESS_barra10;10;112,75;401.67;BESS_fixo
42;ceu_aberto;Storage;BESS_barra6;6;84,67;495.65;BESS_fixo
42;ceu_aberto;Storage;BESS_barra13;13;81,52;401.18;BESS_fixo
42;ceu_aberto;Storage;BESS_barra2;2;68,86;391.56;BESS_fixo
42;ceu_aberto;Storage;BESS_barra33;33;113,61;498.5;BESS_fixo
42;ceu_aberto;Storage;BESS_barra12;12;160,66;289.24;BESS_fixo
42;ceu_aberto;Storage;BESS_barra15;15;193,74;315.05;BESS_fixo
42;ceu_aberto;Storage;BESS_barra26;26;153,05;374.95;BESS_fixo
42;ceu_aberto;Storage;BESS_barra14;14;223,36;253.5;BESS_fixo
42;ceu_aberto;Storage;BESS_barra11;11;55,33;282.74;BESS_fixo
42;ceu_aberto;Storage;BESS_barra21;21;150,24;440.64;BESS_fixo
42;ceu_aberto;Storage;BESS_barra3;3;99,78;201.0;BESS_fixo
42;ceu_aberto;Storage;BESS_barra29;29;234,56;239.92;BESS_fixo
42;ceu_aberto;Storage;BESS_barra23;23;124,59;289.76;BESS_fixo
43;nublado;PVSystem;PV_barra6;6;350,0;;PV_irr_real43
43;nublado;PVSystem;PV_barra28;28;650,0;;PV_irr_real43
43;nublado;PVSystem;PV_barra23;23;650,0;;PV_irr_real43
43;nublado;PVSystem;PV_barra27;27;250,0;;PV_irr_real43
43;nublado;PVSystem;PV_barra7;7;45,9;;PV_irr_real43
43;nublado;Storage;BESS_barra21;21;100,09;447.28;BESS_fixo
43;nublado;Storage;BESS_barra12;12;225,42;173.53;BESS_fixo
43;nublado;Storage;BESS_barra1;1;74,63;303.4;BESS_fixo
43;nublado;Storage;BESS_barra8;8;64,79;390.25;BESS_fixo
43;nublado;Storage;BESS_barra32;32;105,94;164.01;BESS_fixo
43;nublado;Storage;BESS_barra17;17;79,72;194.99;BESS_fixo
43;nublado;Storage;BESS_barra4;4;127,78;476.54;BESS_fixo
43;nublado;Storage;BESS_barra13;13;216,52;437.03;BESS_fixo
43;nublado;Storage;BESS_barra10;10;117,77;270.46;BESS_fixo
43;nublado;Storage;BESS_barra11;11;95,58;385.08;BESS_fixo
43;nublado;Storage;BESS_barra33;33;193,83;363.91;BESS_fixo
43;nublado;Storage;BESS_barra29;29;167,66;180.52;BESS_fixo
43;nublado;Storage;BESS_barra34;34;132,62;450.18;BESS_fixo
43;nublado;Storage;BESS_barra3;3;199,91;483.71;BESS_fixo
43;nublado;Storage;BESS_barra19;19;90,8;377.12;BESS_fixo
43;nublado;Storage;BESS_barra30;30;198,43;258.6;BESS_fixo
43;nublado;Storage;BESS_barra15;15;114,43;411.43;BESS_fixo
43;nublado;Storage;BESS_barra25;25;191,71;426.86;BESS_fixo
43;nublado;Storage;BESS_barra16;16;105,66;299.26;BESS_fixo
43;nublado;Storage;BESS_barra18;18;181,34;439.09;BESS_fixo
43;nublado;Storage;BESS_barra14;14;81,46;173.0;BESS_fixo
43;nublado;Storage;BESS_barra24;24;220,62;479.66;BESS_fixo
44;nublado;PVSystem;PV_barra12;12;150,0;;PV_irr_real44
44;nublado;PVSystem;PV_barra30;30;900,0;;PV_irr_real44
44;nublado;PVSystem;PV_barra17;17;450,0;;PV_irr_real44
44;nublado;PVSystem;PV_barra1;1;100,0;;PV_irr_real44
44;nublado;PVSystem;PV_barra3;3;345,9;;PV_irr_real44
44;nublado;Storage;BESS_barra31;31;244,3;168.87;BESS_fixo
44;nublado;Storage;BESS_barra11;11;111,25;192.52;BESS_fixo
44;nublado;Storage;BESS_barra5;5;237,57;270.65;BESS_fixo
44;nublado;Storage;BESS_barra2;2;70,15;473.09;BESS_fixo
44;nublado;Storage;BESS_barra32;32;84,81;413.84;BESS_fixo
44;nublado;Storage;BESS_barra7;7;146,4;337.55;BESS_fixo
44;nublado;Storage;BESS_barra15;15;169,35;238.83;BESS_fixo
44;nublado;Storage;BESS_barra29;29;162,87;245.37;BESS_fixo
44;nublado;Storage;BESS_barra8;8;217,0;365.76;BESS_fixo
44;nublado;Storage;BESS_barra18;18;132,32;298.28;BESS_fixo
44;nublado;Storage;BESS_barra24;24;78,1;212.16;BESS_fixo
44;nublado;Storage;BESS_barra4;4;72,32;333.96;BESS_fixo
44;nublado;Storage;BESS_barra27;27;106,61;101.82;BESS_fixo
44;nublado;Storage;BESS_barra28;28;98,87;324.54;BESS_fixo
44;nublado;Storage;BESS_barra14;14;219,09;398.99;BESS_fixo
44;nublado;Storage;BESS_barra23;23;96,28;343.79;BESS_fixo
44;nublado;Storage;BESS_barra21;21;160,12;360.56;BESS_fixo
44;nublado;Storage;BESS_barra9;9;175,56;362.73;BESS_fixo
44;nublado;Storage;BESS_barra33;33;142,92;344.95;BESS_fixo
44;nublado;Storage;BESS_barra6;6;110,99;464.7;BESS_fixo
44;nublado;Storage;BESS_barra20;20;64,86;326.57;BESS_fixo
44;nublado;Storage;BESS_barra26;26;152,98;476.32;BESS_fixo
45;nublado;PVSystem;PV_barra33;33;100,0;;PV_irr_real45
45;nublado;PVSystem;PV_barra7;7;100,0;;PV_irr_real45
45;nublado;PVSystem;PV_barra17;17;800,0;;PV_irr_real45
45;nublado;PVSystem;PV_barra24;24;750,0;;PV_irr_real45
45;nublado;PVSystem;PV_barra26;26;195,9;;PV_irr_real45
45;nublado;Storage;BESS_barra22;22;86,88;310.21;BESS_fixo
45;nublado;Storage;BESS_barra18;18;111,41;197.23;BESS_fixo
45;nublado;Storage;BESS_barra25;25;157,55;466.5;BESS_fixo
45;nublado;Storage;BESS_barra23;23;241,57;368.61;BESS_fixo
45;nublado;Storage;BESS_barra28;28;181,44;220.71;BESS_fixo
45;nublado;Storage;BESS_barra10;10;68,32;285.39;BESS_fixo
45;nublado;Storage;BESS_barra6;6;107,51;414.65;BESS_fixo
45;nublado;Storage;BESS_barra15;15;218,97;363.81;BESS_fixo
45;nublado;Storage;BESS_barra19;19;146,93;163.97;BESS_fixo
45;nublado;Storage;BESS_barra20;20;237,79;390.62;BESS_fixo
45;nublado;Storage;BESS_barra4;4;214,78;251.8;BESS_fixo
45;nublado;Storage;BESS_barra31;31;201,54;311.06;BESS_fixo
45;nublado;Storage;BESS_barra5;5;226,22;230.32;BESS_fixo
45;nublado;Storage;BESS_barra11;11;129,78;441.77;BESS_fixo
45;nublado;Storage;BESS_barra2;2;155,93;312.67;BESS_fixo
45;nublado;Storage;BESS_barra14;14;208,64;203.12;BESS_fixo
45;nublado;Storage;BESS_barra3;3;237,62;126.92;BESS_fixo
45;nublado;Storage;BESS_barra1;1;62,27;108.73;BESS_fixo
45;nublado;Storage;BESS_barra12;12;242,23;109.02;BESS_fixo
45;nublado;Storage;BESS_barra16;16;171,03;498.05;BESS_fixo
45;nublado;Storage;BESS_barra13;13;204,75;490.97;BESS_fixo
45;nublado;Storage;BESS_barra32;32;248,06;436.67;BESS_fixo
46;parcialmente_nublado;PVSystem;PV_barra28;28;650,0;;PV_irr_real46
46;parcialmente_nublado;PVSystem;PV_barra16;16;100,0;;PV_irr_real46
46;parcialmente_nublado;PVSystem;PV_barra22;22;600,0;;PV_irr_real46
46;parcialmente_nublado;PVSystem;PV_barra31;31;400,0;;PV_irr_real46
46;parcialmente_nublado;PVSystem;PV_barra19;19;195,9;;PV_irr_real46
46;parcialmente_nublado;Storage;BESS_barra25;25;163,16;195.52;BESS_fixo
46;parcialmente_nublado;Storage;BESS_barra27;27;80,52;102.62;BESS_fixo
46;parcialmente_nublado;Storage;BESS_barra30;30;155,5;275.08;BESS_fixo
46;parcialmente_nublado;Storage;BESS_barra11;11;204,8;156.71;BESS_fixo
46;parcialmente_nublado;Storage;BESS_barra24;24;230,65;326.07;BESS_fixo
46;parcialmente_nublado;Storage;BESS_barra33;33;69,81;302.41;BESS_fixo
46;parcialmente_nublado;Storage;BESS_barra34;34;207,83;251.84;BESS_fixo
46;parcialmente_nublado;Storage;BESS_barra23;23;96,6;104.92;BESS_fixo
46;parcialmente_nublado;Storage;BESS_barra4;4;98,86;123.89;BESS_fixo
46;parcialmente_nublado;Storage;BESS_barra5;5;214,32;436.6;BESS_fixo
46;parcialmente_nublado;Storage;BESS_barra13;13;98,85;473.97;BESS_fixo
46;parcialmente_nublado;Storage;BESS_barra15;15;148,09;203.96;BESS_fixo
46;parcialmente_nublado;Storage;BESS_barra21;21;99,14;338.84;BESS_fixo
46;parcialmente_nublado;Storage;BESS_barra17;17;157,55;496.09;BESS_fixo
46;parcialmente_nublado;Storage;BESS_barra32;32;188,25;144.82;BESS_fixo
46;parcialmente_nublado;Storage;BESS_barra18;18;205,49;302.78;BESS_fixo
46;parcialmente_nublado;Storage;BESS_barra26;26;125,55;319.57;BESS_fixo
46;parcialmente_nublado;Storage;BESS_barra20;20;197,51;371.39;BESS_fixo
46;parcialmente_nublado;Storage;BESS_barra7;7;232,34;351.98;BESS_fixo
46;parcialmente_nublado;Storage;BESS_barra12;12;220,71;496.12;BESS_fixo
46;parcialmente_nublado;Storage;BESS_barra2;2;164,83;333.15;BESS_fixo
46;parcialmente_nublado;Storage;BESS_barra9;9;75,14;122.94;BESS_fixo
47;parcialmente_nublado;PVSystem;PV_barra29;29;200,0;;PV_irr_real47
47;parcialmente_nublado;PVSystem;PV_barra27;27;250,0;;PV_irr_real47
47;parcialmente_nublado;PVSystem;PV_barra15;15;450,0;;PV_irr_real47
47;parcialmente_nublado;PVSystem;PV_barra31;31;900,0;;PV_irr_real47
47;parcialmente_nublado;PVSystem;PV_barra4;4;145,9;;PV_irr_real47
47;parcialmente_nublado;Storage;BESS_barra13;13;50,05;255.69;BESS_fixo
47;parcialmente_nublado;Storage;BESS_barra16;16;224,68;138.0;BESS_fixo
47;parcialmente_nublado;Storage;BESS_barra7;7;151,53;421.35;BESS_fixo
47;parcialmente_nublado;Storage;BESS_barra18;18;67,05;278.99;BESS_fixo
47;parcialmente_nublado;Storage;BESS_barra14;14;192,57;293.86;BESS_fixo
47;parcialmente_nublado;Storage;BESS_barra21;21;241,74;101.78;BESS_fixo
47;parcialmente_nublado;Storage;BESS_barra12;12;234,84;144.69;BESS_fixo
47;parcialmente_nublado;Storage;BESS_barra33;33;150,36;458.79;BESS_fixo
47;parcialmente_nublado;Storage;BESS_barra24;24;71,72;138.52;BESS_fixo
47;parcialmente_nublado;Storage;BESS_barra2;2;53,52;341.3;BESS_fixo
47;parcialmente_nublado;Storage;BESS_barra32;32;135,14;123.48;BESS_fixo
47;parcialmente_nublado;Storage;BESS_barra19;19;249,52;455.63;BESS_fixo
47;parcialmente_nublado;Storage;BESS_barra20;20;205,43;372.11;BESS_fixo
47;parcialmente_nublado;Storage;BESS_barra22;22;154,74;221.21;BESS_fixo
47;parcialmente_nublado;Storage;BESS_barra10;10;64,37;470.58;BESS_fixo
47;parcialmente_nublado;Storage;BESS_barra11;11;93,55;174.91;BESS_fixo
47;parcialmente_nublado;Storage;BESS_barra17;17;178,21;140.26;BESS_fixo
47;parcialmente_nublado;Storage;BESS_barra9;9;135,35;416.78;BESS_fixo
47;parcialmente_nublado;Storage;BESS_barra5;5;55,57;128.18;BESS_fixo
47;parcialmente_nublado;Storage;BESS_barra26;26;63,17;266.71;BESS_fixo
47;parcialmente_nublado;Storage;BESS_barra6;6;172,67;220.57;BESS_fixo
47;parcialmente_nublado;Storage;BESS_barra28;28;108,1;440.11;BESS_fixo
48;ceu_aberto;PVSystem;PV_barra8;8;100,0;;PV_irr_real48
48;ceu_aberto;PVSystem;PV_barra3;3;50,0;;PV_irr_real48
48;ceu_aberto;PVSystem;PV_barra30;30;200,0;;PV_irr_real48
48;ceu_aberto;PVSystem;PV_barra12;12;50,0;;PV_irr_real48
48;ceu_aberto;PVSystem;PV_barra18;18;300,0;;PV_irr_real48
48;ceu_aberto;PVSystem;PV_barra5;5;900,0;;PV_irr_real48
48;ceu_aberto;PVSystem;PV_barra16;16;200,0;;PV_irr_real48
48;ceu_aberto;PVSystem;PV_barra31;31;100,0;;PV_irr_real48
48;ceu_aberto;PVSystem;PV_barra10;10;45,9;;PV_irr_real48
48;ceu_aberto;Storage;BESS_barra9;9;137,09;384.65;BESS_fixo
48;ceu_aberto;Storage;BESS_barra13;13;88,57;325.81;BESS_fixo
48;ceu_aberto;Storage;BESS_barra2;2;86,14;358.18;BESS_fixo
48;ceu_aberto;Storage;BESS_barra17;17;210,41;358.5;BESS_fixo
48;ceu_aberto;Storage;BESS_barra22;22;60,9;425.84;BESS_fixo
48;ceu_aberto;Storage;BESS_barra28;28;134,5;156.14;BESS_fixo
48;ceu_aberto;Storage;BESS_barra20;20;126,91;207.03;BESS_fixo
48;ceu_aberto;Storage;BESS_barra23;23;186,41;166.43;BESS_fixo
48;ceu_aberto;Storage;BESS_barra32;32;151,67;145.6;BESS_fixo
48;ceu_aberto;Storage;BESS_barra15;15;171,05;205.45;BESS_fixo
48;ceu_aberto;Storage;BESS_barra29;29;191,02;118.78;BESS_fixo
48;ceu_aberto;Storage;BESS_barra33;33;63,4;245.06;BESS_fixo
48;ceu_aberto;Storage;BESS_barra19;19;79,81;383.34;BESS_fixo
48;ceu_aberto;Storage;BESS_barra11;11;81,21;276.87;BESS_fixo
48;ceu_aberto;Storage;BESS_barra6;6;59,27;312.71;BESS_fixo
48;ceu_aberto;Storage;BESS_barra26;26;178,44;133.28;BESS_fixo
48;ceu_aberto;Storage;BESS_barra24;24;112,35;259.62;BESS_fixo
48;ceu_aberto;Storage;BESS_barra7;7;193,92;103.45;BESS_fixo
48;ceu_aberto;Storage;BESS_barra25;25;129,15;349.3;BESS_fixo
48;ceu_aberto;Storage;BESS_barra21;21;57,14;452.82;BESS_fixo
48;ceu_aberto;Storage;BESS_barra34;34;192,43;468.69;BESS_fixo
48;ceu_aberto;Storage;BESS_barra27;27;79,52;480.74;BESS_fixo
49;parcialmente_nublado;PVSystem;PV_barra12;12;200,0;;PV_irr_real49
49;parcialmente_nublado;PVSystem;PV_barra30;30;600,0;;PV_irr_real49
49;parcialmente_nublado;PVSystem;PV_barra11;11;900,0;;PV_irr_real49
49;parcialmente_nublado;PVSystem;PV_barra32;32;245,9;;PV_irr_real49
49;parcialmente_nublado;Storage;BESS_barra2;2;110,21;221.61;BESS_fixo
49;parcialmente_nublado;Storage;BESS_barra34;34;93,55;392.75;BESS_fixo
49;parcialmente_nublado;Storage;BESS_barra19;19;238,97;184.45;BESS_fixo
49;parcialmente_nublado;Storage;BESS_barra14;14;53,54;440.75;BESS_fixo
49;parcialmente_nublado;Storage;BESS_barra7;7;113,88;158.03;BESS_fixo
49;parcialmente_nublado;Storage;BESS_barra27;27;245,82;465.86;BESS_fixo
49;parcialmente_nublado;Storage;BESS_barra17;17;185,1;158.95;BESS_fixo
49;parcialmente_nublado;Storage;BESS_barra6;6;221,93;296.3;BESS_fixo
49;parcialmente_nublado;Storage;BESS_barra24;24;211,83;166.68;BESS_fixo
49;parcialmente_nublado;Storage;BESS_barra15;15;230,61;251.5;BESS_fixo
49;parcialmente_nublado;Storage;BESS_barra23;23;183,33;352.95;BESS_fixo
49;parcialmente_nublado;Storage;BESS_barra13;13;155,55;279.92;BESS_fixo
49;parcialmente_nublado;Storage;BESS_barra21;21;125,91;315.02;BESS_fixo
49;parcialmente_nublado;Storage;BESS_barra5;5;112,13;259.99;BESS_fixo
49;parcialmente_nublado;Storage;BESS_barra3;3;200,15;352.32;BESS_fixo
49;parcialmente_nublado;Storage;BESS_barra10;10;79,59;464.5;BESS_fixo
49;parcialmente_nublado;Storage;BESS_barra31;31;126,17;156.18;BESS_fixo
49;parcialmente_nublado;Storage;BESS_barra25;25;113,47;232.23;BESS_fixo
49;parcialmente_nublado;Storage;BESS_barra18;18;140,68;363.36;BESS_fixo
49;parcialmente_nublado;Storage;BESS_barra20;20;113,11;469.26;BESS_fixo
49;parcialmente_nublado;Storage;BESS_barra16;16;69,82;495.09;BESS_fixo
49;parcialmente_nublado;Storage;BESS_barra26;26;150,04;111.5;BESS_fixo
50;nublado;PVSystem;PV_barra18;18;500,0;;PV_irr_real50
50;nublado;PVSystem;PV_barra28;28;100,0;;PV_irr_real50
50;nublado;PVSystem;PV_barra31;31;400,0;;PV_irr_real50
50;nublado;PVSystem;PV_barra30;30;300,0;;PV_irr_real50
50;nublado;PVSystem;PV_barra24;24;150,0;;PV_irr_real50
50;nublado;PVSystem;PV_barra26;26;495,9;;PV_irr_real50
50;nublado;Storage;BESS_barra7;7;115,19;440.23;BESS_fixo
50;nublado;Storage;BESS_barra3;3;56,36;190.36;BESS_fixo
50;nublado;Storage;BESS_barra4;4;182,06;383.11;BESS_fixo
50;nublado;Storage;BESS_barra11;11;229,91;467.93;BESS_fixo
50;nublado;Storage;BESS_barra1;1;213,99;169.34;BESS_fixo
50;nublado;Storage;BESS_barra22;22;188,59;175.66;BESS_fixo
50;nublado;Storage;BESS_barra25;25;115,84;303.01;BESS_fixo
50;nublado;Storage;BESS_barra27;27;51,39;165.27;BESS_fixo
50;nublado;Storage;BESS_barra29;29;67,75;234.29;BESS_fixo
50;nublado;Storage;BESS_barra23;23;103,79;205.55;BESS_fixo
50;nublado;Storage;BESS_barra34;34;125,95;383.08;BESS_fixo
50;nublado;Storage;BESS_barra15;15;223,28;235.68;BESS_fixo
50;nublado;Storage;BESS_barra14;14;226,19;493.46;BESS_fixo
50;nublado;Storage;BESS_barra5;5;62,7;320.78;BESS_fixo
50;nublado;Storage;BESS_barra13;13;199,01;112.21;BESS_fixo
50;nublado;Storage;BESS_barra6;6;58,03;268.9;BESS_fixo
50;nublado;Storage;BESS_barra33;33;232,98;326.05;BESS_fixo
50;nublado;Storage;BESS_barra21;21;121,52;404.15;BESS_fixo
50;nublado;Storage;BESS_barra20;20;80,92;402.21;BESS_fixo
50;nublado;Storage;BESS_barra32;32;183,75;103.48;BESS_fixo
50;nublado;Storage;BESS_barra9;9;100,58;229.85;BESS_fixo
50;nublado;Storage;BESS_barra17;17;167,1;181.04;BESS_fixo
