id_realizacao;tipo_dia;barra;tipo_carga;potencia_kw;capacidade_kwh;razao_armazenamento_h
1;parcialmente_nublado;24;industrial;167,64;474,87;2,833
1;parcialmente_nublado;26;industrial;177,09;468,37;2,645
1;parcialmente_nublado;29;industrial;111,0;114,76;1,034
1;parcialmente_nublado;31;industrial;188,28;321,18;1,706
1;parcialmente_nublado;33;industrial;120,48;152,5;1,266
1;parcialmente_nublado;1;residencial;138,31;178,42;1,29
1;parcialmente_nublado;11;residencial;61,57;301,2;4,892
1;parcialmente_nublado;25;industrial;150,76;188,27;1,249
1;parcialmente_nublado;27;industrial;137,74;104,82;0,761
1;parcialmente_nublado;14;comercial;189,7;166,37;0,877
1;parcialmente_nublado;10;residencial;102,06;449,98;4,409
1;parcialmente_nublado;13;comercial;81,14;192,52;2,373
1;parcialmente_nublado;7;residencial;228,91;374,15;1,634
1;parcialmente_nublado;21;comercial;145,54;391,91;2,693
1;parcialmente_nublado;22;comercial;91,24;457,73;5,017
1;parcialmente_nublado;6;residencial;130,67;283,98;2,173
1;parcialmente_nublado;5;residencial;78,95;153,68;1,947
1;parcialmente_nublado;15;comercial;249,92;265,5;1,062
2;ceu_aberto;16;comercial;130,41;395,99;3,037
2;ceu_aberto;10;residencial;236,83;431,28;1,821
2;ceu_aberto;33;industrial;86,88;471,51;5,427
2;ceu_aberto;27;industrial;208,33;357,45;1,716
2;ceu_aberto;22;comercial;227,63;403,13;1,771
2;ceu_aberto;25;industrial;233,89;369,44;1,58
2;ceu_aberto;18;comercial;156,45;319,73;2,044
2;ceu_aberto;17;comercial;161,91;443,33;2,738
2;ceu_aberto;2;residencial;150,23;226,2;1,506
2;ceu_aberto;15;comercial;126,11;152,32;1,208
2;ceu_aberto;30;industrial;68,14;156,86;2,302
2;ceu_aberto;26;industrial;157,61;359,48;2,281
2;ceu_aberto;11;residencial;93,49;210,64;2,253
2;ceu_aberto;24;industrial;116,6;355,49;3,049
2;ceu_aberto;32;industrial;156,48;459,93;2,939
2;ceu_aberto;13;comercial;228,58;232,73;1,018
2;ceu_aberto;20;comercial;60,8;430,14;7,075
2;ceu_aberto;31;industrial;108,62;102,49;0,944
3;nublado;5;residencial;115,58;113,08;0,978
3;nublado;17;comercial;122,36;276,98;2,264
3;nublado;1;residencial;95,57;369,87;3,87
3;nublado;19;comercial;68,33;377,84;5,53
3;nublado;18;comercial;115,39;101,55;0,88
3;nublado;33;industrial;101,46;158,31;1,56
3;nublado;22;comercial;116,37;370,33;3,182
3;nublado;25;industrial;88,55;181,07;2,045
3;nublado;30;industrial;131,09;440,76;3,362
3;nublado;10;residencial;122,83;241,21;1,964
3;nublado;8;residencial;242,79;355,82;1,466
3;nublado;12;comercial;204,48;341,17;1,668
3;nublado;32;industrial;119,89;188,4;1,571
3;nublado;6;residencial;158,12;432,63;2,736
3;nublado;23;industrial;126,15;273,82;2,171
3;nublado;34;industrial;186,09;297,58;1,599
3;nublado;11;residencial;77,29;441,96;5,718
3;nublado;2;residencial;109,57;234,59;2,141
4;nublado;17;comercial;175,22;325,11;1,855
4;nublado;1;residencial;178,28;281,13;1,577
4;nublado;20;comercial;108,42;496,64;4,581
4;nublado;25;industrial;248,18;142,82;0,575
4;nublado;9;residencial;78,33;335,63;4,285
4;nublado;12;comercial;205,14;418,62;2,041
4;nublado;18;comercial;120,98;349,51;2,889
4;nublado;19;comercial;217,06;148,63;0,685
4;nublado;31;industrial;240,71;262,62;1,091
4;nublado;10;residencial;60,12;432,92;7,201
4;nublado;22;comercial;130,48;429,75;3,294
4;nublado;6;residencial;211,72;495,64;2,341
4;nublado;8;residencial;109,32;211,22;1,932
4;nublado;7;residencial;107,95;331,99;3,075
4;nublado;3;residencial;58,93;460,65;7,817
4;nublado;27;industrial;182,92;106,55;0,582
4;nublado;30;industrial;223,61;489,19;2,188
4;nublado;26;industrial;131,56;493,45;3,751
5;ceu_aberto;14;comercial;55,46;440,27;7,939
5;ceu_aberto;22;comercial;154,93;386,27;2,493
5;ceu_aberto;7;residencial;193,11;424,82;2,2
5;ceu_aberto;21;comercial;247,3;492,66;1,992
5;ceu_aberto;16;comercial;218,53;188,13;0,861
5;ceu_aberto;27;industrial;126,8;130,98;1,033
5;ceu_aberto;9;residencial;195,69;452,02;2,31
5;ceu_aberto;8;residencial;147,26;441,35;2,997
5;ceu_aberto;34;industrial;134,88;178,99;1,327
5;ceu_aberto;33;industrial;58,98;363,18;6,158
5;ceu_aberto;5;residencial;154,04;271,96;1,766
5;ceu_aberto;24;industrial;117,71;135,58;1,152
5;ceu_aberto;6;residencial;177,42;178,09;1,004
5;ceu_aberto;20;comercial;97,91;427,68;4,368
5;ceu_aberto;31;industrial;91,92;240,57;2,617
5;ceu_aberto;10;residencial;183,87;244,08;1,327
5;ceu_aberto;13;comercial;131,4;251,75;1,916
5;ceu_aberto;32;industrial;114,7;223,27;1,947
6;nublado;15;comercial;238,65;155,01;0,65
6;nublado;26;industrial;109,83;124,3;1,132
6;nublado;1;residencial;102,19;317,75;3,109
6;nublado;11;residencial;195,11;207,33;1,063
6;nublado;6;residencial;105,16;431,5;4,103
6;nublado;33;industrial;204,0;235,03;1,152
6;nublado;31;industrial;51,16;324,6;6,345
6;nublado;32;industrial;218,75;399,06;1,824
6;nublado;22;comercial;185,89;159,14;0,856
6;nublado;18;comercial;67,64;449,46;6,645
6;nublado;19;comercial;115,06;159,01;1,382
6;nublado;13;comercial;207,4;384,0;1,851
6;nublado;29;industrial;102,42;406,46;3,969
6;nublado;23;industrial;91,39;383,58;4,197
6;nublado;16;comercial;55,18;171,42;3,107
6;nublado;3;residencial;114,85;396,27;3,45
6;nublado;7;residencial;128,52;409,67;3,188
6;nublado;21;comercial;233,9;278,13;1,189
7;parcialmente_nublado;28;industrial;142,93;396,35;2,773
7;parcialmente_nublado;8;residencial;241,71;299,11;1,237
7;parcialmente_nublado;12;comercial;233,59;156,38;0,669
7;parcialmente_nublado;5;residencial;227,42;421,96;1,855
7;parcialmente_nublado;11;residencial;58,72;241,99;4,121
7;parcialmente_nublado;15;comercial;176,86;145,23;0,821
7;parcialmente_nublado;1;residencial;57,3;380,92;6,648
7;parcialmente_nublado;7;residencial;93,84;463,15;4,936
7;parcialmente_nublado;19;comercial;146,93;150,88;1,027
7;parcialmente_nublado;26;industrial;220,2;100,87;0,458
7;parcialmente_nublado;3;residencial;138,63;494,92;3,57
7;parcialmente_nublado;31;industrial;89,1;305,43;3,428
7;parcialmente_nublado;10;residencial;245,57;381,09;1,552
7;parcialmente_nublado;25;industrial;248,83;435,46;1,75
7;parcialmente_nublado;18;comercial;246,26;361,86;1,469
7;parcialmente_nublado;21;comercial;143,71;156,48;1,089
7;parcialmente_nublado;4;residencial;235,3;218,57;0,929
7;parcialmente_nublado;14;comercial;184,64;136,1;0,737
8;parcialmente_nublado;7;residencial;215,6;171,86;0,797
8;parcialmente_nublado;14;comercial;60,08;211,04;3,513
8;parcialmente_nublado;30;industrial;226,41;435,16;1,922
8;parcialmente_nublado;31;industrial;163,89;375,01;2,288
8;parcialmente_nublado;2;residencial;118,52;109,18;0,921
8;parcialmente_nublado;1;residencial;121,59;293,68;2,415
8;parcialmente_nublado;13;comercial;116,05;351,3;3,027
8;parcialmente_nublado;18;comercial;213,42;475,97;2,23
8;parcialmente_nublado;16;comercial;124,56;489,81;3,932
8;parcialmente_nublado;22;comercial;139,72;337,28;2,414
8;parcialmente_nublado;24;industrial;237,73;485,41;2,042
8;parcialmente_nublado;4;residencial;149,47;266,02;1,78
8;parcialmente_nublado;34;industrial;156,02;106,09;0,68
8;parcialmente_nublado;12;comercial;233,69;449,73;1,924
8;parcialmente_nublado;15;comercial;143,56;303,65;2,115
8;parcialmente_nublado;29;industrial;247,94;215,06;0,867
8;parcialmente_nublado;9;residencial;162,15;397,56;2,452
8;parcialmente_nublado;19;comercial;207,75;228,46;1,1
9;nublado;23;industrial;103,26;261,71;2,534
9;nublado;15;comercial;58,34;214,59;3,678
9;nublado;34;industrial;139,14;326,31;2,345
9;nublado;4;residencial;241,39;120,0;0,497
9;nublado;1;residencial;240,53;188,96;0,786
9;nublado;13;comercial;61,72;360,79;5,846
9;nublado;31;industrial;76,03;483,87;6,364
9;nublado;8;residencial;245,38;144,07;0,587
9;nublado;3;residencial;229,69;160,06;0,697
9;nublado;6;residencial;92,23;199,9;2,167
9;nublado;11;residencial;143,8;206,98;1,439
9;nublado;10;residencial;180,11;498,27;2,766
9;nublado;29;industrial;132,94;257,8;1,939
9;nublado;32;industrial;247,39;436,61;1,765
9;nublado;26;industrial;176,86;440,95;2,493
9;nublado;24;industrial;63,05;127,2;2,017
9;nublado;14;comercial;175,46;188,52;1,074
9;nublado;5;residencial;191,85;178,45;0,93
10;parcialmente_nublado;15;comercial;206,31;152,94;0,741
10;parcialmente_nublado;21;comercial;82,21;219,35;2,668
10;parcialmente_nublado;7;residencial;225,73;419,85;1,86
10;parcialmente_nublado;33;industrial;90,39;433,78;4,799
10;parcialmente_nublado;16;comercial;70,09;223,11;3,183
10;parcialmente_nublado;5;residencial;59,65;339,98;5,7
10;parcialmente_nublado;34;industrial;65,93;454,54;6,894
10;parcialmente_nublado;32;industrial;125,78;111,28;0,885
10;parcialmente_nublado;27;industrial;210,34;271,13;1,289
10;parcialmente_nublado;23;industrial;232,53;248,04;1,067
10;parcialmente_nublado;18;comercial;152,59;440,06;2,884
10;parcialmente_nublado;30;industrial;79,56;444,64;5,589
10;parcialmente_nublado;24;industrial;91,2;402,25;4,411
10;parcialmente_nublado;11;residencial;215,91;203,82;0,944
10;parcialmente_nublado;3;residencial;172,21;493,27;2,864
10;parcialmente_nublado;25;industrial;180,02;216,04;1,2
10;parcialmente_nublado;14;comercial;189,55;134,17;0,708
10;parcialmente_nublado;4;residencial;74,38;355,72;4,782
11;nublado;10;residencial;78,84;173,45;2,2
11;nublado;13;comercial;183,82;269,15;1,464
11;nublado;31;industrial;182,63;248,0;1,358
11;nublado;7;residencial;190,36;111,28;0,585
11;nublado;33;industrial;98,0;244,6;2,496
11;nublado;28;industrial;211,63;296,81;1,402
11;nublado;16;comercial;126,74;330,88;2,611
11;nublado;23;industrial;235,83;307,42;1,304
11;nublado;32;industrial;166,66;360,59;2,164
11;nublado;6;residencial;213,18;285,2;1,338
11;nublado;14;comercial;185,54;383,6;2,067
11;nublado;8;residencial;211,52;447,09;2,114
11;nublado;24;industrial;170,11;266,44;1,566
11;nublado;22;comercial;114,81;343,21;2,989
11;nublado;18;comercial;120,15;363,47;3,025
11;nublado;12;comercial;242,18;358,22;1,479
11;nublado;30;industrial;199,36;439,73;2,206
11;nublado;2;residencial;169,16;349,46;2,066
12;nublado;16;comercial;176,48;334,39;1,895
12;nublado;4;residencial;92,19;137,35;1,49
12;nublado;2;residencial;193,8;438,32;2,262
12;nublado;1;residencial;190,34;257,89;1,355
12;nublado;20;comercial;147,81;442,59;2,994
12;nublado;19;comercial;86,54;422,36;4,881
12;nublado;31;industrial;162,82;458,09;2,813
12;nublado;34;industrial;81,8;345,42;4,223
12;nublado;28;industrial;224,38;374,8;1,67
12;nublado;6;residencial;218,46;375,65;1,72
12;nublado;24;industrial;67,57;454,02;6,719
12;nublado;15;comercial;131,53;477,58;3,631
12;nublado;12;comercial;80,96;374,99;4,632
12;nublado;5;residencial;91,84;156,41;1,703
12;nublado;30;industrial;246,13;104,21;0,423
12;nublado;11;residencial;206,46;291,99;1,414
12;nublado;27;industrial;211,64;143,36;0,677
12;nublado;25;industrial;112,45;183,1;1,628
13;ceu_aberto;2;residencial;105,63;297,38;2,815
13;ceu_aberto;19;comercial;52,61;449,12;8,537
13;ceu_aberto;23;industrial;114,21;313,96;2,749
13;ceu_aberto;6;residencial;179,1;471,26;2,631
13;ceu_aberto;5;residencial;134,25;268,54;2,0
13;ceu_aberto;33;industrial;158,94;437,91;2,755
13;ceu_aberto;21;comercial;64,67;403,19;6,235
13;ceu_aberto;11;residencial;114,2;268,49;2,351
13;ceu_aberto;3;residencial;50,95;495,19;9,719
13;ceu_aberto;34;industrial;201,13;440,45;2,19
13;ceu_aberto;27;industrial;161,97;290,6;1,794
13;ceu_aberto;32;industrial;126,64;170,42;1,346
13;ceu_aberto;16;comercial;62,68;149,2;2,38
13;ceu_aberto;15;comercial;170,46;383,11;2,248
13;ceu_aberto;28;industrial;236,25;184,9;0,783
13;ceu_aberto;13;comercial;61,38;356,31;5,805
13;ceu_aberto;26;industrial;174,45;246,17;1,411
13;ceu_aberto;30;industrial;232,83;378,09;1,624
14;parcialmente_nublado;14;comercial;68,65;101,47;1,478
14;parcialmente_nublado;32;industrial;92,87;169,36;1,824
14;parcialmente_nublado;15;comercial;70,7;490,28;6,935
14;parcialmente_nublado;19;comercial;104,41;162,83;1,56
14;parcialmente_nublado;34;industrial;231,21;345,17;1,493
14;parcialmente_nublado;10;residencial;138,77;445,31;3,209
14;parcialmente_nublado;29;industrial;131,05;453,43;3,46
14;parcialmente_nublado;24;industrial;139,99;107,88;0,771
14;parcialmente_nublado;20;comercial;60,71;345,84;5,697
14;parcialmente_nublado;13;comercial;222,93;186,51;0,837
14;parcialmente_nublado;9;residencial;172,11;469,6;2,728
14;parcialmente_nublado;25;industrial;237,63;236,66;0,996
14;parcialmente_nublado;4;residencial;50,18;100,9;2,011
14;parcialmente_nublado;1;residencial;142,36;275,94;1,938
14;parcialmente_nublado;2;residencial;179,28;122,85;0,685
14;parcialmente_nublado;8;residencial;75,35;200,93;2,667
14;parcialmente_nublado;12;comercial;196,05;134,76;0,687
14;parcialmente_nublado;3;residencial;161,82;167,78;1,037
15;parcialmente_nublado;32;industrial;56,17;319,34;5,685
15;parcialmente_nublado;26;industrial;92,22;260,98;2,83
15;parcialmente_nublado;15;comercial;127,13;477,39;3,755
15;parcialmente_nublado;20;comercial;239,55;245,01;1,023
15;parcialmente_nublado;6;residencial;147,22;190,34;1,293
15;parcialmente_nublado;25;industrial;87,9;427,96;4,869
15;parcialmente_nublado;1;residencial;132,63;350,73;2,644
15;parcialmente_nublado;11;residencial;157,77;111,01;0,704
15;parcialmente_nublado;31;industrial;134,58;340,09;2,527
15;parcialmente_nublado;10;residencial;106,6;437,5;4,104
15;parcialmente_nublado;18;comercial;194,29;126,12;0,649
15;parcialmente_nublado;7;residencial;231,85;475,66;2,052
15;parcialmente_nublado;22;comercial;141,04;242,89;1,722
15;parcialmente_nublado;4;residencial;80,63;278,65;3,456
15;parcialmente_nublado;33;industrial;138,53;288,82;2,085
15;parcialmente_nublado;28;industrial;140,27;340,92;2,43
15;parcialmente_nublado;16;comercial;222,05;109,66;0,494
15;parcialmente_nublado;9;residencial;200,74;182,89;0,911
16;parcialmente_nublado;34;industrial;150,1;202,46;1,349
16;parcialmente_nublado;5;residencial;208,88;112,23;0,537
16;parcialmente_nublado;2;residencial;216,64;171,68;0,792
16;parcialmente_nublado;16;comercial;221,23;103,01;0,466
16;parcialmente_nublado;32;industrial;129,36;246,21;1,903
16;parcialmente_nublado;6;residencial;101,61;273,59;2,693
16;parcialmente_nublado;23;industrial;249,14;342,29;1,374
16;parcialmente_nublado;29;industrial;69,58;340,63;4,896
16;parcialmente_nublado;25;industrial;64,4;326,61;5,072
16;parcialmente_nublado;22;comercial;61,88;319,75;5,167
16;parcialmente_nublado;28;industrial;231,15;455,18;1,969
16;parcialmente_nublado;13;comercial;139,0;144,34;1,038
16;parcialmente_nublado;3;residencial;190,2;324,1;1,704
16;parcialmente_nublado;11;residencial;86,06;258,61;3,005
16;parcialmente_nublado;26;industrial;203,16;378,58;1,863
16;parcialmente_nublado;15;comercial;158,07;461,45;2,919
16;parcialmente_nublado;18;comercial;108,76;153,49;1,411
16;parcialmente_nublado;17;comercial;87,2;492,83;5,652
17;parcialmente_nublado;18;comercial;239,47;184,72;0,771
17;parcialmente_nublado;32;industrial;166,46;426,07;2,56
17;parcialmente_nublado;30;industrial;55,11;274,19;4,975
17;parcialmente_nublado;7;residencial;117,89;282,79;2,399
17;parcialmente_nublado;5;residencial;185,7;102,22;0,55
17;parcialmente_nublado;28;industrial;225,82;235,16;1,041
17;parcialmente_nublado;33;industrial;178,34;326,96;1,833
17;parcialmente_nublado;8;residencial;97,54;498,58;5,112
17;parcialmente_nublado;2;residencial;191,33;478,64;2,502
17;parcialmente_nublado;11;residencial;173,44;451,25;2,602
17;parcialmente_nublado;26;industrial;147,01;122,27;0,832
17;parcialmente_nublado;10;residencial;85,94;336,68;3,918
17;parcialmente_nublado;17;comercial;104,27;307,07;2,945
17;parcialmente_nublado;4;residencial;110,09;120,05;1,09
17;parcialmente_nublado;21;comercial;244,43;186,99;0,765
17;parcialmente_nublado;20;comercial;236,25;305,44;1,293
17;parcialmente_nublado;27;industrial;77,28;345,21;4,467
17;parcialmente_nublado;6;residencial;239,43;374,4;1,564
18;parcialmente_nublado;3;residencial;208,48;487,18;2,337
18;parcialmente_nublado;5;residencial;170,86;243,93;1,428
18;parcialmente_nublado;27;industrial;215,86;490,11;2,27
18;parcialmente_nublado;21;comercial;64,4;159,56;2,478
18;parcialmente_nublado;23;industrial;124,89;397,53;3,183
18;parcialmente_nublado;33;industrial;149,34;296,37;1,985
18;parcialmente_nublado;14;comercial;166,11;160,15;0,964
18;parcialmente_nublado;12;comercial;72,02;436,51;6,061
18;parcialmente_nublado;8;residencial;245,1;335,82;1,37
18;parcialmente_nublado;29;industrial;127,8;427,68;3,346
18;parcialmente_nublado;16;comercial;222,6;157,32;0,707
18;parcialmente_nublado;4;residencial;124,69;180,05;1,444
18;parcialmente_nublado;18;comercial;192,37;263,66;1,371
18;parcialmente_nublado;24;industrial;58,7;251,74;4,289
18;parcialmente_nublado;17;comercial;163,45;426,05;2,607
18;parcialmente_nublado;32;industrial;191,03;467,86;2,449
18;parcialmente_nublado;31;industrial;93,23;105,52;1,132
18;parcialmente_nublado;6;residencial;239,45;396,7;1,657
19;nublado;23;industrial;144,85;264,45;1,826
19;nublado;30;industrial;238,8;360,49;1,51
19;nublado;20;comercial;67,64;143,71;2,125
19;nublado;25;industrial;179,72;407,0;2,265
19;nublado;14;comercial;241,64;446,27;1,847
19;nublado;24;industrial;118,97;274,4;2,306
19;nublado;18;comercial;106,46;129,96;1,221
19;nublado;1;residencial;138,96;255,66;1,84
19;nublado;2;residencial;80,32;239,74;2,985
19;nublado;21;comercial;50,23;483,45;9,625
19;nublado;4;residencial;190,99;130,36;0,683
19;nublado;29;industrial;167,67;186,6;1,113
19;nublado;26;industrial;80,98;388,82;4,801
19;nublado;15;comercial;246,18;401,58;1,631
19;nublado;27;industrial;130,2;487,14;3,741
19;nublado;33;industrial;216,91;449,73;2,073
19;nublado;8;residencial;236,57;454,94;1,923
19;nublado;6;residencial;93,46;164,15;1,756
20;parcialmente_nublado;31;industrial;118,45;424,22;3,581
20;parcialmente_nublado;7;residencial;199,69;348,68;1,746
20;parcialmente_nublado;20;comercial;124,8;390,15;3,126
20;parcialmente_nublado;2;residencial;144,47;282,34;1,954
20;parcialmente_nublado;14;comercial;92,64;185,78;2,005
20;parcialmente_nublado;1;residencial;200,08;466,57;2,332
20;parcialmente_nublado;27;industrial;107,67;179,97;1,671
20;parcialmente_nublado;12;comercial;175,8;424,49;2,415
20;parcialmente_nublado;13;comercial;217,57;254,07;1,168
20;parcialmente_nublado;29;industrial;242,49;472,18;1,947
20;parcialmente_nublado;34;industrial;99,06;333,1;3,363
20;parcialmente_nublado;9;residencial;54,42;352,08;6,47
20;parcialmente_nublado;30;industrial;100,37;224,06;2,232
20;parcialmente_nublado;6;residencial;86,95;250,26;2,878
20;parcialmente_nublado;8;residencial;205,34;220,4;1,073
20;parcialmente_nublado;22;comercial;210,57;492,82;2,34
20;parcialmente_nublado;25;industrial;155,17;149,16;0,961
20;parcialmente_nublado;19;comercial;234,0;328,68;1,405
21;nublado;25;industrial;105,77;356,24;3,368
21;nublado;9;residencial;205,2;138,11;0,673
21;nublado;28;industrial;64,01;427,43;6,678
21;nublado;11;residencial;133,44;315,85;2,367
21;nublado;31;industrial;217,25;203,13;0,935
21;nublado;16;comercial;64,52;165,01;2,558
21;nublado;27;industrial;138,71;212,4;1,531
21;nublado;17;comercial;55,39;469,17;8,47
21;nublado;14;comercial;69,47;445,57;6,414
21;nublado;23;industrial;55,25;228,65;4,138
21;nublado;1;residencial;221,25;179,8;0,813
21;nublado;32;industrial;247,87;453,0;1,828
21;nublado;19;comercial;193,19;497,52;2,575
21;nublado;12;comercial;164,13;465,65;2,837
21;nublado;3;residencial;227,75;465,03;2,042
21;nublado;24;industrial;64,67;249,67;3,861
21;nublado;21;comercial;135,79;239,65;1,765
21;nublado;34;industrial;168,3;274,68;1,632
22;parcialmente_nublado;22;comercial;237,98;417,14;1,753
22;parcialmente_nublado;9;residencial;198,44;127,3;0,642
22;parcialmente_nublado;23;industrial;245,28;106,46;0,434
22;parcialmente_nublado;3;residencial;153,19;400,17;2,612
22;parcialmente_nublado;34;industrial;145,89;322,35;2,21
22;parcialmente_nublado;13;comercial;64,13;308,27;4,807
22;parcialmente_nublado;26;industrial;54,56;141,66;2,596
22;parcialmente_nublado;5;residencial;123,38;233,54;1,893
22;parcialmente_nublado;25;industrial;100,97;157,96;1,564
22;parcialmente_nublado;20;comercial;187,8;172,98;0,921
22;parcialmente_nublado;31;industrial;62,98;468,27;7,435
22;parcialmente_nublado;10;residencial;119,25;217,52;1,824
22;parcialmente_nublado;15;comercial;231,78;402,53;1,737
22;parcialmente_nublado;27;industrial;138,83;278,06;2,003
22;parcialmente_nublado;29;industrial;243,04;480,08;1,975
22;parcialmente_nublado;21;comercial;193,08;465,62;2,412
22;parcialmente_nublado;8;residencial;170,78;362,35;2,122
22;parcialmente_nublado;14;comercial;80,04;132,15;1,651
23;nublado;34;industrial;79,63;178,25;2,238
23;nublado;20;comercial;55,86;166,22;2,976
23;nublado;15;comercial;73,22;359,91;4,915
23;nublado;7;residencial;96,68;433,5;4,484
23;nublado;14;comercial;57,32;406,52;7,092
23;nublado;13;comercial;61,42;392,84;6,396
23;nublado;24;industrial;155,78;247,92;1,591
23;nublado;23;industrial;63,0;458,9;7,284
23;nublado;8;residencial;128,5;179,03;1,393
23;nublado;11;residencial;172,45;293,84;1,704
23;nublado;4;residencial;89,1;107,73;1,209
23;nublado;3;residencial;93,06;458,61;4,928
23;nublado;26;industrial;110,02;389,3;3,538
23;nublado;22;comercial;131,17;445,34;3,395
23;nublado;1;residencial;196,22;270,83;1,38
23;nublado;27;industrial;91,42;446,08;4,879
23;nublado;16;comercial;77,78;425,89;5,476
23;nublado;32;industrial;161,34;484,96;3,006
24;nublado;1;residencial;161,78;262,87;1,625
24;nublado;28;industrial;93,54;308,13;3,294
24;nublado;32;industrial;141,99;418,97;2,951
24;nublado;14;comercial;133,88;466,52;3,485
24;nublado;10;residencial;89,9;290,55;3,232
24;nublado;15;comercial;89,87;365,52;4,067
24;nublado;5;residencial;200,58;145,89;0,727
24;nublado;33;industrial;98,52;497,18;5,046
24;nublado;31;industrial;234,6;311,07;1,326
24;nublado;16;comercial;195,28;235,66;1,207
24;nublado;29;industrial;242,22;249,91;1,032
24;nublado;26;industrial;79,42;416,83;5,248
24;nublado;20;comercial;111,46;430,49;3,862
24;nublado;25;industrial;77,96;207,9;2,667
24;nublado;19;comercial;227,32;476,15;2,095
24;nublado;11;residencial;240,06;181,66;0,757
24;nublado;13;comercial;88,27;441,45;5,001
24;nublado;18;comercial;163,96;313,67;1,913
25;ceu_aberto;33;industrial;75,81;206,12;2,719
25;ceu_aberto;5;residencial;121,01;146,98;1,215
25;ceu_aberto;14;comercial;76,22;442,45;5,805
25;ceu_aberto;29;industrial;67,64;236,53;3,497
25;ceu_aberto;2;residencial;70,61;188,93;2,676
25;ceu_aberto;1;residencial;71,39;403,17;5,647
25;ceu_aberto;34;industrial;217,77;440,22;2,021
25;ceu_aberto;10;residencial;191,72;422,48;2,204
25;ceu_aberto;25;industrial;210,87;321,91;1,527
25;ceu_aberto;17;comercial;212,8;280,11;1,316
25;ceu_aberto;4;residencial;239,66;221,61;0,925
25;ceu_aberto;8;residencial;239,3;211,17;0,882
25;ceu_aberto;6;residencial;174,76;411,29;2,353
25;ceu_aberto;22;comercial;175,45;447,23;2,549
25;ceu_aberto;3;residencial;175,31;195,33;1,114
25;ceu_aberto;31;industrial;125,36;345,72;2,758
25;ceu_aberto;13;comercial;90,62;481,41;5,312
25;ceu_aberto;21;comercial;217,81;270,89;1,244
26;nublado;25;industrial;201,79;479,72;2,377
26;nublado;11;residencial;209,22;316,26;1,512
26;nublado;21;comercial;247,51;436,27;1,763
26;nublado;6;residencial;71,68;362,95;5,063
26;nublado;18;comercial;60,27;464,12;7,701
26;nublado;2;residencial;91,71;156,69;1,709
26;nublado;29;industrial;70,5;332,59;4,718
26;nublado;32;industrial;164,77;180,35;1,095
26;nublado;34;industrial;241,62;220,65;0,913
26;nublado;28;industrial;235,46;305,15;1,296
26;nublado;27;industrial;176,98;104,89;0,593
26;nublado;12;comercial;213,38;158,82;0,744
26;nublado;9;residencial;158,51;235,86;1,488
26;nublado;30;industrial;213,23;381,05;1,787
26;nublado;20;comercial;112,88;339,02;3,003
26;nublado;24;industrial;130,03;430,73;3,313
26;nublado;10;residencial;153,95;406,65;2,641
26;nublado;31;industrial;100,96;451,88;4,476
27;parcialmente_nublado;3;residencial;145,02;130,59;0,9
27;parcialmente_nublado;21;comercial;80,65;194,08;2,406
27;parcialmente_nublado;29;industrial;220,83;195,09;0,883
27;parcialmente_nublado;25;industrial;136,43;282,3;2,069
27;parcialmente_nublado;15;comercial;165,66;311,83;1,882
27;parcialmente_nublado;32;industrial;200,82;160,38;0,799
27;parcialmente_nublado;13;comercial;186,34;462,93;2,484
27;parcialmente_nublado;6;residencial;111,81;453,49;4,056
27;parcialmente_nublado;17;comercial;237,71;447,29;1,882
27;parcialmente_nublado;1;residencial;194,56;107,72;0,554
27;parcialmente_nublado;8;residencial;242,22;165,13;0,682
27;parcialmente_nublado;16;comercial;96,95;103,2;1,064
27;parcialmente_nublado;22;comercial;229,74;141,88;0,618
27;parcialmente_nublado;7;residencial;185,16;169,19;0,914
27;parcialmente_nublado;30;industrial;160,01;487,17;3,045
27;parcialmente_nublado;33;industrial;187,09;179,11;0,957
27;parcialmente_nublado;18;comercial;219,6;188,94;0,86
27;parcialmente_nublado;19;comercial;172,72;305,01;1,766
28;nublado;3;residencial;188,44;227,73;1,209
28;nublado;33;industrial;198,23;363,84;1,835
28;nublado;31;industrial;236,33;313,62;1,327
28;nublado;17;comercial;86,85;147,29;1,696
28;nublado;10;residencial;222,62;368,46;1,655
28;nublado;30;industrial;142,28;347,47;2,442
28;nublado;11;residencial;177,38;389,82;2,198
28;nublado;14;comercial;233,99;141,0;0,603
28;nublado;7;residencial;241,76;354,44;1,466
28;nublado;13;comercial;243,54;443,04;1,819
28;nublado;16;comercial;66,96;180,05;2,689
28;nublado;8;residencial;79,72;199,78;2,506
28;nublado;28;industrial;188,33;194,65;1,034
28;nublado;5;residencial;135,17;209,44;1,549
28;nublado;24;industrial;223,85;137,2;0,613
28;nublado;18;comercial;56,98;144,91;2,543
28;nublado;25;industrial;180,09;309,93;1,721
28;nublado;6;residencial;109,27;371,54;3,4
29;ceu_aberto;17;comercial;63,07;394,28;6,251
29;ceu_aberto;20;comercial;141,05;355,73;2,522
29;ceu_aberto;13;comercial;222,58;410,69;1,845
29;ceu_aberto;22;comercial;137,18;371,42;2,708
29;ceu_aberto;2;residencial;62,96;469,33;7,454
29;ceu_aberto;34;industrial;173,37;177,25;1,022
29;ceu_aberto;21;comercial;246,86;174,24;0,706
29;ceu_aberto;31;industrial;175,51;444,81;2,534
29;ceu_aberto;10;residencial;247,9;342,72;1,382
29;ceu_aberto;32;industrial;135,92;180,73;1,33
29;ceu_aberto;3;residencial;98,95;308,97;3,122
29;ceu_aberto;4;residencial;225,2;262,58;1,166
29;ceu_aberto;12;comercial;69,89;436,52;6,246
29;ceu_aberto;30;industrial;171,59;453,77;2,645
29;ceu_aberto;15;comercial;187,73;416,32;2,218
29;ceu_aberto;29;industrial;215,82;209,19;0,969
29;ceu_aberto;5;residencial;144,61;381,95;2,641
29;ceu_aberto;24;industrial;240,0;314,99;1,312
30;nublado;23;industrial;200,82;112,71;0,561
30;nublado;5;residencial;80,23;228,84;2,852
30;nublado;6;residencial;175,65;370,15;2,107
30;nublado;34;industrial;154,02;339,26;2,203
30;nublado;10;residencial;183,79;347,93;1,893
30;nublado;12;comercial;172,11;141,76;0,824
30;nublado;8;residencial;166,74;388,7;2,331
30;nublado;24;industrial;88,05;444,21;5,045
30;nublado;3;residencial;142,13;263,73;1,856
30;nublado;14;comercial;60,06;294,34;4,901
30;nublado;28;industrial;56,82;390,72;6,876
30;nublado;26;industrial;64,96;454,5;6,997
30;nublado;1;residencial;71,46;241,15;3,375
30;nublado;33;industrial;153,28;213,54;1,393
30;nublado;13;comercial;198,75;207,73;1,045
30;nublado;4;residencial;171,73;389,23;2,267
30;nublado;15;comercial;242,5;342,52;1,412
30;nublado;7;residencial;146,8;194,09;1,322
31;nublado;3;residencial;242,34;195,84;0,808
31;nublado;33;industrial;226,04;471,39;2,085
31;nublado;11;residencial;53,33;401,95;7,537
31;nublado;6;residencial;237,16;392,49;1,655
31;nublado;19;comercial;129,68;205,74;1,587
31;nublado;14;comercial;226,08;474,49;2,099
31;nublado;12;comercial;164,52;421,93;2,565
31;nublado;25;industrial;209,18;268,62;1,284
31;nublado;24;industrial;230,58;405,3;1,758
31;nublado;16;comercial;80,92;376,41;4,652
31;nublado;13;comercial;63,94;113,4;1,774
31;nublado;30;industrial;79,47;494,45;6,222
31;nublado;23;industrial;157,09;406,34;2,587
31;nublado;17;comercial;115,46;283,76;2,458
31;nublado;31;industrial;67,44;272,58;4,042
31;nublado;7;residencial;249,31;297,54;1,193
31;nublado;22;comercial;110,06;156,3;1,42
31;nublado;10;residencial;144,78;343,22;2,371
32;nublado;9;residencial;75,94;116,93;1,54
32;nublado;17;comercial;230,55;165,2;0,717
32;nublado;19;comercial;226,73;205,53;0,906
32;nublado;31;industrial;100,72;218,02;2,165
32;nublado;18;comercial;78,21;165,58;2,117
32;nublado;26;industrial;188,57;326,04;1,729
32;nublado;15;comercial;144,75;252,66;1,745
32;nublado;14;comercial;93,22;216,99;2,328
32;nublado;2;residencial;197,49;325,5;1,648
32;nublado;4;residencial;110,57;122,01;1,103
32;nublado;22;comercial;131,46;324,1;2,465
32;nublado;12;comercial;115,75;133,61;1,154
32;nublado;16;comercial;87,41;123,06;1,408
32;nublado;8;residencial;78,44;379,5;4,838
32;nublado;23;industrial;183,12;398,12;2,174
32;nublado;24;industrial;68,48;129,34;1,889
32;nublado;7;residencial;55,42;261,8;4,724
32;nublado;27;industrial;122,85;186,57;1,519
33;ceu_aberto;22;comercial;164,77;463,44;2,813
33;ceu_aberto;11;residencial;86,95;359,04;4,129
33;ceu_aberto;17;comercial;116,96;156,82;1,341
33;ceu_aberto;31;industrial;103,3;269,12;2,605
33;ceu_aberto;15;comercial;138,1;256,22;1,855
33;ceu_aberto;1;residencial;99,18;282,63;2,85
33;ceu_aberto;12;comercial;59,59;319,04;5,354
33;ceu_aberto;26;industrial;102,63;166,6;1,623
33;ceu_aberto;3;residencial;131,65;124,99;0,949
33;ceu_aberto;8;residencial;214,73;198,09;0,923
33;ceu_aberto;4;residencial;179,97;182,18;1,012
33;ceu_aberto;29;industrial;53,87;348,77;6,474
33;ceu_aberto;25;industrial;134,35;479,92;3,572
33;ceu_aberto;33;industrial;105,38;249,73;2,37
33;ceu_aberto;6;residencial;146,3;279,14;1,908
33;ceu_aberto;16;comercial;93,66;373,93;3,992
33;ceu_aberto;10;residencial;84,23;228,22;2,709
33;ceu_aberto;2;residencial;244,01;182,09;0,746
34;ceu_aberto;31;industrial;143,22;198,49;1,386
34;ceu_aberto;29;industrial;162,64;109,82;0,675
34;ceu_aberto;18;comercial;246,53;499,31;2,025
34;ceu_aberto;7;residencial;243,3;385,94;1,586
34;ceu_aberto;25;industrial;87,56;401,24;4,582
34;ceu_aberto;17;comercial;197,45;266,44;1,349
34;ceu_aberto;26;industrial;224,3;161,43;0,72
34;ceu_aberto;30;industrial;179,73;222,7;1,239
34;ceu_aberto;15;comercial;71,79;136,14;1,896
34;ceu_aberto;5;residencial;83,43;398,9;4,781
34;ceu_aberto;28;industrial;163,35;306,21;1,875
34;ceu_aberto;16;comercial;137,61;261,34;1,899
34;ceu_aberto;27;industrial;249,05;388,86;1,561
34;ceu_aberto;14;comercial;104,93;352,71;3,361
34;ceu_aberto;10;residencial;172,1;242,47;1,409
34;ceu_aberto;6;residencial;154,49;441,04;2,855
34;ceu_aberto;21;comercial;239,97;347,05;1,446
34;ceu_aberto;33;industrial;180,39;379,73;2,105
35;nublado;11;residencial;126,98;199,63;1,572
35;nublado;12;comercial;55,66;193,4;3,475
35;nublado;22;comercial;233,46;381,21;1,633
35;nublado;34;industrial;87,83;439,1;4,999
35;nublado;6;residencial;69,63;294,26;4,226
35;nublado;25;industrial;68,37;113,29;1,657
35;nublado;8;residencial;164,85;482,53;2,927
35;nublado;4;residencial;64,63;384,93;5,956
35;nublado;9;residencial;96,63;168,45;1,743
35;nublado;21;comercial;222,28;483,49;2,175
35;nublado;24;industrial;193,76;258,32;1,333
35;nublado;5;residencial;241,74;269,57;1,115
35;nublado;28;industrial;55,25;390,37;7,066
35;nublado;13;comercial;146,09;206,54;1,414
35;nublado;15;comercial;207,4;171,92;0,829
35;nublado;16;comercial;248,84;150,26;0,604
35;nublado;7;residencial;134,17;432,25;3,222
35;nublado;31;industrial;167,77;208,51;1,243
36;parcialmente_nublado;28;industrial;87,39;340,0;3,891
36;parcialmente_nublado;27;industrial;118,15;182,12;1,541
36;parcialmente_nublado;16;comercial;209,58;236,89;1,13
36;parcialmente_nublado;21;comercial;214,46;153,85;0,717
36;parcialmente_nublado;30;industrial;211,76;333,57;1,575
36;parcialmente_nublado;6;residencial;159,52;304,42;1,908
36;parcialmente_nublado;4;residencial;176,24;163,66;0,929
36;parcialmente_nublado;32;industrial;124,22;340,98;2,745
36;parcialmente_nublado;19;comercial;207,69;272,92;1,314
36;parcialmente_nublado;5;residencial;154,68;452,81;2,927
36;parcialmente_nublado;33;industrial;71,84;453,54;6,313
36;parcialmente_nublado;22;comercial;54,3;283,66;5,224
36;parcialmente_nublado;2;residencial;120,95;161,97;1,339
36;parcialmente_nublado;9;residencial;61,94;380,83;6,148
36;parcialmente_nublado;1;residencial;147,69;350,42;2,373
36;parcialmente_nublado;18;comercial;216,73;249,49;1,151
36;parcialmente_nublado;25;industrial;203,61;247,25;1,214
36;parcialmente_nublado;3;residencial;246,13;492,07;1,999
37;nublado;29;industrial;192,86;492,12;2,552
37;nublado;14;comercial;54,37;491,38;9,038
37;nublado;4;residencial;149,31;326,79;2,189
37;nublado;12;comercial;177,16;195,32;1,103
37;nublado;1;residencial;78,42;240,41;3,066
37;nublado;17;comercial;178,39;134,59;0,754
37;nublado;25;industrial;82,12;479,36;5,837
37;nublado;22;comercial;207,04;318,6;1,539
37;nublado;10;residencial;229,95;369,88;1,609
37;nublado;13;comercial;168,5;424,0;2,516
37;nublado;19;comercial;243,0;431,61;1,776
37;nublado;15;comercial;226,55;113,28;0,5
37;nublado;21;comercial;122,12;257,14;2,106
37;nublado;32;industrial;70,8;287,7;4,064
37;nublado;23;industrial;149,78;189,28;1,264
37;nublado;11;residencial;70,37;190,23;2,703
37;nublado;30;industrial;84,79;114,73;1,353
37;nublado;26;industrial;54,36;163,71;3,012
38;parcialmente_nublado;6;residencial;142,05;420,61;2,961
38;parcialmente_nublado;22;comercial;60,87;187,58;3,082
38;parcialmente_nublado;15;comercial;122,19;300,18;2,457
38;parcialmente_nublado;34;industrial;175,9;220,61;1,254
38;parcialmente_nublado;10;residencial;113,53;212,54;1,872
38;parcialmente_nublado;5;residencial;224,84;453,28;2,016
38;parcialmente_nublado;29;industrial;151,16;391,82;2,592
38;parcialmente_nublado;9;residencial;74,12;144,7;1,952
38;parcialmente_nublado;8;residencial;103,6;104,15;1,005
38;parcialmente_nublado;26;industrial;185,03;350,04;1,892
38;parcialmente_nublado;19;comercial;60,44;109,17;1,806
38;parcialmente_nublado;33;industrial;172,04;236,16;1,373
38;parcialmente_nublado;2;residencial;183,67;476,15;2,592
38;parcialmente_nublado;7;residencial;215,64;161,68;0,75
38;parcialmente_nublado;30;industrial;93,86;494,38;5,267
38;parcialmente_nublado;25;industrial;178,29;179,9;1,009
38;parcialmente_nublado;27;industrial;88,85;239,65;2,697
38;parcialmente_nublado;20;comercial;200,74;436,24;2,173
39;parcialmente_nublado;12;comercial;182,21;251,78;1,382
39;parcialmente_nublado;29;industrial;164,14;174,73;1,065
39;parcialmente_nublado;21;comercial;56,55;363,78;6,433
39;parcialmente_nublado;23;industrial;237,02;168,61;0,711
39;parcialmente_nublado;19;comercial;246,39;227,06;0,922
39;parcialmente_nublado;32;industrial;223,45;478,98;2,144
39;parcialmente_nublado;10;residencial;159,03;109,75;0,69
39;parcialmente_nublado;26;industrial;57,04;204,86;3,592
39;parcialmente_nublado;8;residencial;179,41;313,11;1,745
39;parcialmente_nublado;22;comercial;117,07;187,98;1,606
39;parcialmente_nublado;28;industrial;248,6;218,31;0,878
39;parcialmente_nublado;27;industrial;79,13;339,22;4,287
39;parcialmente_nublado;15;comercial;151,9;297,51;1,959
39;parcialmente_nublado;13;comercial;139,3;369,26;2,651
39;parcialmente_nublado;5;residencial;140,92;275,64;1,956
39;parcialmente_nublado;17;comercial;242,28;472,98;1,952
39;parcialmente_nublado;11;residencial;81,65;291,86;3,575
39;parcialmente_nublado;30;industrial;246,75;303,24;1,229
40;ceu_aberto;23;industrial;108,64;287,04;2,642
40;ceu_aberto;29;industrial;128,51;440,0;3,424
40;ceu_aberto;20;comercial;228,37;275,69;1,207
40;ceu_aberto;13;comercial;229,66;323,51;1,409
40;ceu_aberto;8;residencial;239,31;190,87;0,798
40;ceu_aberto;21;comercial;175,04;192,27;1,098
40;ceu_aberto;26;industrial;106,62;173,55;1,628
40;ceu_aberto;32;industrial;209,05;462,32;2,212
40;ceu_aberto;18;comercial;73,54;302,25;4,11
40;ceu_aberto;3;residencial;134,09;160,1;1,194
40;ceu_aberto;33;industrial;85,53;238,54;2,789
40;ceu_aberto;19;comercial;116,4;285,31;2,451
40;ceu_aberto;34;industrial;164,68;333,32;2,024
40;ceu_aberto;24;industrial;197,0;238,25;1,209
40;ceu_aberto;22;comercial;168,51;223,92;1,329
40;ceu_aberto;4;residencial;178,5;170,96;0,958
40;ceu_aberto;14;comercial;172,75;466,03;2,698
40;ceu_aberto;25;industrial;161,43;120,07;0,744
41;ceu_aberto;3;residencial;148,22;103,36;0,697
41;ceu_aberto;21;comercial;80,7;324,8;4,025
41;ceu_aberto;28;industrial;160,09;344,13;2,15
41;ceu_aberto;33;industrial;129,59;396,77;3,062
41;ceu_aberto;6;residencial;208,53;117,15;0,562
41;ceu_aberto;16;comercial;114,73;132,26;1,153
41;ceu_aberto;10;residencial;172,33;217,15;1,26
41;ceu_aberto;12;comercial;117,77;226,54;1,924
41;ceu_aberto;24;industrial;58,67;316,86;5,401
41;ceu_aberto;27;industrial;142,84;402,6;2,819
41;ceu_aberto;9;residencial;159,82;202,29;1,266
41;ceu_aberto;5;residencial;216,75;170,4;0,786
41;ceu_aberto;30;industrial;232,34;362,4;1,56
41;ceu_aberto;20;comercial;175,56;447,38;2,548
41;ceu_aberto;29;industrial;167,2;491,33;2,939
41;ceu_aberto;17;comercial;245,55;399,43;1,627
41;ceu_aberto;14;comercial;211,04;341,2;1,617
41;ceu_aberto;2;residencial;137,18;418,98;3,054
42;nublado;1;residencial;117,9;323,04;2,74
42;nublado;16;comercial;246,18;365,35;1,484
42;nublado;28;industrial;104,58;189,33;1,81
42;nublado;9;residencial;137,21;338,41;2,466
42;nublado;7;residencial;159,67;379,23;2,375
42;nublado;11;residencial;189,89;105,39;0,555
42;nublado;5;residencial;185,4;181,48;0,979
42;nublado;27;industrial;63,91;320,0;5,007
42;nublado;22;comercial;214,84;482,78;2,247
42;nublado;10;residencial;108,51;255,14;2,351
42;nublado;20;comercial;100,52;112,57;1,12
42;nublado;4;residencial;97,13;202,12;2,081
42;nublado;17;comercial;178,66;193,74;1,084
42;nublado;32;industrial;236,64;292,05;1,234
42;nublado;26;industrial;245,55;341,42;1,39
42;nublado;6;residencial;180,2;352,54;1,956
42;nublado;14;comercial;86,64;452,58;5,224
42;nublado;33;industrial;112,57;312,48;2,776
43;nublado;23;industrial;237,2;470,26;1,983
43;nublado;1;residencial;198,24;364,34;1,838
43;nublado;13;comercial;220,34;247,69;1,124
43;nublado;15;comercial;62,79;366,02;5,829
43;nublado;26;industrial;226,17;140,81;0,623
43;nublado;18;comercial;145,5;425,65;2,925
43;nublado;32;industrial;244,65;462,49;1,89
43;nublado;16;comercial;139,55;305,62;2,19
43;nublado;22;comercial;108,72;340,85;3,135
43;nublado;6;residencial;189,12;343,44;1,816
43;nublado;2;residencial;116,76;383,63;3,286
43;nublado;20;comercial;72,42;141,71;1,957
43;nublado;12;comercial;142,1;143,48;1,01
43;nublado;28;industrial;172,34;203,5;1,181
43;nublado;5;residencial;180,59;313,05;1,733
43;nublado;19;comercial;79,13;360,49;4,556
43;nublado;4;residencial;112,49;225,6;2,006
43;nublado;14;comercial;197,22;172,28;0,874
44;parcialmente_nublado;27;industrial;61,08;128,45;2,103
44;parcialmente_nublado;31;industrial;105,95;423,36;3,996
44;parcialmente_nublado;29;industrial;207,67;456,5;2,198
44;parcialmente_nublado;19;comercial;74,69;483,72;6,476
44;parcialmente_nublado;9;residencial;222,11;193,62;0,872
44;parcialmente_nublado;2;residencial;78,89;224,07;2,84
44;parcialmente_nublado;3;residencial;59,55;228,53;3,838
44;parcialmente_nublado;12;comercial;214,29;184,13;0,859
44;parcialmente_nublado;26;industrial;196,73;373,04;1,896
44;parcialmente_nublado;25;industrial;78,87;442,5;5,61
44;parcialmente_nublado;23;industrial;240,57;266,25;1,107
44;parcialmente_nublado;14;comercial;163,67;469,33;2,868
44;parcialmente_nublado;4;residencial;124,87;354,96;2,843
44;parcialmente_nublado;21;comercial;52,32;281,94;5,389
44;parcialmente_nublado;24;industrial;125,34;196,26;1,566
44;parcialmente_nublado;5;residencial;118,95;198,9;1,672
44;parcialmente_nublado;22;comercial;217,79;134,03;0,615
44;parcialmente_nublado;13;comercial;99,95;233,11;2,332
45;ceu_aberto;19;comercial;216,67;112,92;0,521
45;ceu_aberto;26;industrial;118,07;404,23;3,424
45;ceu_aberto;12;comercial;173,17;212,18;1,225
45;ceu_aberto;27;industrial;206,92;151,42;0,732
45;ceu_aberto;32;industrial;108,47;111,57;1,029
45;ceu_aberto;3;residencial;117,18;283,24;2,417
45;ceu_aberto;5;residencial;241,94;126,84;0,524
45;ceu_aberto;15;comercial;157,22;124,86;0,794
45;ceu_aberto;11;residencial;89,46;202,33;2,262
45;ceu_aberto;13;comercial;151,11;222,32;1,471
45;ceu_aberto;1;residencial;238,32;333,13;1,398
45;ceu_aberto;25;industrial;98,78;139,56;1,413
45;ceu_aberto;21;comercial;82,53;385,42;4,67
45;ceu_aberto;16;comercial;61,27;492,17;8,033
45;ceu_aberto;31;industrial;204,01;209,13;1,025
45;ceu_aberto;2;residencial;97,39;469,48;4,821
45;ceu_aberto;23;industrial;149,47;379,39;2,538
45;ceu_aberto;29;industrial;182,6;436,57;2,391
46;nublado;14;comercial;63,38;122,86;1,938
46;nublado;8;residencial;124,47;494,37;3,972
46;nublado;16;comercial;167,88;143,41;0,854
46;nublado;33;industrial;187,94;188,93;1,005
46;nublado;1;residencial;78,83;321,74;4,081
46;nublado;28;industrial;138,54;150,12;1,084
46;nublado;3;residencial;175,41;326,38;1,861
46;nublado;29;industrial;90,07;314,9;3,496
46;nublado;21;comercial;98,17;358,62;3,653
46;nublado;25;industrial;153,45;128,9;0,84
46;nublado;11;residencial;164,36;483,76;2,943
46;nublado;34;industrial;152,73;232,59;1,523
46;nublado;32;industrial;217,59;387,64;1,782
46;nublado;6;residencial;158,76;429,07;2,703
46;nublado;30;industrial;190,75;475,73;2,494
46;nublado;24;industrial;241,92;443,84;1,835
46;nublado;18;comercial;148,67;338,38;2,276
46;nublado;4;residencial;180,92;151,94;0,84
47;parcialmente_nublado;23;industrial;99,29;294,36;2,965
47;parcialmente_nublado;34;industrial;50,84;342,59;6,739
47;parcialmente_nublado;32;industrial;126,17;357,74;2,835
47;parcialmente_nublado;30;industrial;201,44;217,1;1,078
47;parcialmente_nublado;15;comercial;155,12;121,75;0,785
47;parcialmente_nublado;8;residencial;56,91;445,97;7,836
47;parcialmente_nublado;2;residencial;72,26;135,35;1,873
47;parcialmente_nublado;17;comercial;173,32;456,05;2,631
47;parcialmente_nublado;11;residencial;134,71;436,44;3,24
47;parcialmente_nublado;5;residencial;198,03;179,64;0,907
47;parcialmente_nublado;7;residencial;203,75;348,43;1,71
47;parcialmente_nublado;14;comercial;61,45;119,62;1,947
47;parcialmente_nublado;31;industrial;243,64;421,29;1,729
47;parcialmente_nublado;25;industrial;186,48;130,2;0,698
47;parcialmente_nublado;24;industrial;197,44;368,88;1,868
47;parcialmente_nublado;3;residencial;150,56;104,02;0,691
47;parcialmente_nublado;18;comercial;59,2;208,86;3,528
47;parcialmente_nublado;4;residencial;160,67;367,87;2,29
48;parcialmente_nublado;13;comercial;102,05;108,38;1,062
48;parcialmente_nublado;5;residencial;59,11;280,99;4,754
48;parcialmente_nublado;18;comercial;159,44;397,69;2,494
48;parcialmente_nublado;8;residencial;238,48;164,32;0,689
48;parcialmente_nublado;2;residencial;142,18;124,49;0,876
48;parcialmente_nublado;17;comercial;221,31;186,5;0,843
48;parcialmente_nublado;29;industrial;99,53;197,57;1,985
48;parcialmente_nublado;26;industrial;199,08;240,47;1,208
48;parcialmente_nublado;21;comercial;206,74;216,73;1,048
48;parcialmente_nublado;32;industrial;128,85;494,08;3,835
48;parcialmente_nublado;15;comercial;118,74;470,62;3,963
48;parcialmente_nublado;6;residencial;190,31;218,45;1,148
48;parcialmente_nublado;9;residencial;187,13;378,91;2,025
48;parcialmente_nublado;10;residencial;216,97;395,4;1,822
48;parcialmente_nublado;19;comercial;192,12;401,75;2,091
48;parcialmente_nublado;30;industrial;220,28;374,33;1,699
48;parcialmente_nublado;31;industrial;150,98;360,56;2,388
48;parcialmente_nublado;16;comercial;220,81;102,91;0,466
49;parcialmente_nublado;28;industrial;148,57;264,86;1,783
49;parcialmente_nublado;27;industrial;226,88;204,76;0,903
49;parcialmente_nublado;26;industrial;217,04;484,81;2,234
49;parcialmente_nublado;18;comercial;171,86;132,42;0,771
49;parcialmente_nublado;1;residencial;195,78;349,62;1,786
49;parcialmente_nublado;20;comercial;188,15;278,02;1,478
49;parcialmente_nublado;10;residencial;110,48;187,98;1,701
49;parcialmente_nublado;11;residencial;50,07;200,52;4,005
49;parcialmente_nublado;32;industrial;120,31;303,89;2,526
49;parcialmente_nublado;14;comercial;154,16;324,97;2,108
49;parcialmente_nublado;9;residencial;51,24;349,23;6,816
49;parcialmente_nublado;31;industrial;170,89;151,02;0,884
49;parcialmente_nublado;2;residencial;65,77;320,74;4,877
49;parcialmente_nublado;17;comercial;86,52;296,29;3,425
49;parcialmente_nublado;4;residencial;94,68;109,12;1,153
49;parcialmente_nublado;29;industrial;201,17;325,94;1,62
49;parcialmente_nublado;6;residencial;199,47;115,21;0,578
49;parcialmente_nublado;23;industrial;51,85;413,02;7,966
50;nublado;5;residencial;150,1;301,01;2,005
50;nublado;28;industrial;83,01;107,19;1,291
50;nublado;25;industrial;152,7;448,91;2,94
50;nublado;27;industrial;154,12;339,33;2,202
50;nublado;16;comercial;214,13;310,58;1,45
50;nublado;10;residencial;191,53;129,35;0,675
50;nublado;22;comercial;78,19;333,3;4,263
50;nublado;2;residencial;217,74;138,4;0,636
50;nublado;9;residencial;192,48;165,05;0,857
50;nublado;19;comercial;139,32;236,86;1,7
50;nublado;7;residencial;124,96;155,44;1,244
50;nublado;24;industrial;77,11;342,71;4,444
50;nublado;18;comercial;88,52;378,49;4,276
50;nublado;15;comercial;209,91;252,02;1,201
50;nublado;33;industrial;128,63;406,75;3,162
50;nublado;20;comercial;209,54;424,31;2,025
50;nublado;13;comercial;174,39;362,77;2,08
50;nublado;31;industrial;152,79;450,09;2,946
